FILE_NAME,SIMPLE,BITPIX,NAXIS,NAXIS1,NAXIS2,DATE-OBS,OBJECT,UT,UT-END,UT-STR,HST,HST-END,HST-STR,MJD,MJD-END,MJD-STR,FRAMEID,EXPTIME,DATA-TYP,OBSERVAT,TELESCOP,INSTRUME,TIMESYS,PROP-ID,OBSERVER,OBS-ALOC,OBS-MOD,RADESYS,LONPOLE,RA,DEC,EQUINOX,TELFOCUS,FOC-VAL,AIRMASS,ZD,AZIMUTH,ALTITUDE,FOC-POS,AUTOGUID,M2-TYPE,OUT-HUM,OUT-PRS,OUT-TMP,OUT-WND,U_CAMERA,U_AQTINT,U_AQNCYC,U_FLCOFF,U_AQSDEL,U_AQDTIM,U_HWPANG,U_NLOOPS,U_LOOPIT,U_NPOLST,U_PLSTIT,U_ORGDIR,U_OGFNAM,U_OGFNUM,U_EMGAIN,U_QWP1,U_QWP2,U_FILTER,U_MASK,U_MANGLE,U_AOHWP,D_SADC,D_SADCA1,D_SADCA2,D_SADCDC,D_SADCFC,D_SADCMD,D_SADCPA,D_SADCP,D_SADCRA,D_SADCST,D_BS1,D_BS1P,D_BS1S,D_BS2,D_BS2P,D_BS2S,D_ENSHUT,D_BNCHI,D_BNCHO,D_BNCTI,D_BNCTO,D_IMRANG,D_IMRDEC,D_IMRMOD,D_IMRPAD,D_IMRPAP,D_IMRRA,D_IMR,D_ADFG,D_DMCMTX,D_DMGAIN,D_HDFG,D_HTTG,D_LDFG,D_LOOP,D_LTTG,D_PSUBG,D_STTG,D_TTCMTX,D_TTGAIN,D_WTTG,DATE,U_FLCSTT,OG_FRMID,DETECTOR,DETGAIN,RET-ANG1,RETPLAT1,U_FLCANG,TINT,PA-STR,PA-END,PA,PARANG,WCSAXES,CRPIX1,CRPIX2,PC1_1,PC1_2,PC2_1,PC2_2,CDELT1,CDELT2,CUNIT1,CUNIT2,CTYPE1,CTYPE2,CRVAL1,CRVAL2,LATPOLE,MJDREF,DPP_BACK,COL_METH,MAX_X,MAX_Y,MAX_PIXEL_VALUE,R_15_TOTAL_COUNTS,NORM_I,DOUBLE_DIFFERENCE,DOUBLE_SUM,Q,U,Q_sem,U_sem,POL_DEGREE,AOLP,R_15_TOTAL_COUNTS_PHOTON_NOISE,DOUBLE_DIFFERENCE_ERRS,DOUBLE_SUM_ERRS,TOTAL_I,TOTAL_I_ERR,UNNORMALIZED_DOUBLE_DIFFERENCE,UNNORMALIZED_DOUBLE_DIFFERENCE_ERRS,Q_PHOTON_NOISE,U_PHOTON_NOISE
VDATA20220128A_00000088_calib_collapsed.fits,True,-32,2,256,256,2022-01-28,HD29333,06:01:10.006,06:01:18.440,06:01:01.571,20:01:10.012,20:01:18.448,20:01:01.576,59607.2508045,59607.250903,59607.250706,VTMP00000088,0.01,ACQUISITION,NAOJ,Subaru,VAMPIRES,UTC,o21156,"""[Summit] Millar-Blancher, Zhang [Hilo] Guyon, Deo, Vievard, Ah""",Observation,IMAG_POL,ICRS,180.0,4:38:25.669,29:23:12.76,2000.0,NS_IR,-0.12,1.022,11.83138,34.27754,78.16862,Nasmyth-IR,OFF,IR,25.2,621.7,271.75,4.4,1.0,10000.0,801.0,0.0,100000.0,10000.0,0.0,2.0,1.0,4.0,1.0,/mnt/data/20220128/,HD29333_02_20220128_675-50_EmptySlot_0,0,300.0,152.0,165.0,675-50,EmptySlot,1.0,T,IN,147.12701,145.127,+29:23:14,1.0,ADI,-39.0,163.025,04:38:26.0,SYNC,SCEXAO,348.72,35708928.0,MIRROR,152.63,15629312.0,OPEN,13.0,100.0,11.4,0.0,103.56796,+29:23:14.50,ADI,-1.549,-39.0,04:38:25.990,TRACK,0.0,ao188cmtx.oct,10.0,1.0,1.0,0.0,ON,0.0,0.01,0.0,ao188ttctrl.oct,0.001,0.0,2022-01-28T06:01:23,1,VMPA00016237,iXon Ultra 897 - VAMPIRES 1.0,300.0,0.0,HWP(NIR),45,8.0,-143.4732672203687,-143.7504119386983,-143.6116332857928,137.7883667142072,2,128.5,128.5,-0.74066819544718,0.67187098780422,-0.67187098780422,-0.74066819544718,-1.7333333333333e-06,1.7333333333333e-06,deg,deg,RA---TAN,DEC--TAN,69.606954166667,29.386877777778,29.386877777778,0.0,master_dark_em300_00010ms_cam1.fits,median,119.0,127.0,654.0,110614.86135593794,"(-0.05519728065249754, 0.0)",-0.0305543580870534,-0.2029389537031158,0.0,0.0,0,0,0.0,0.0,71.8472455656677,0.0002871591467489,0.0002928760208435,566456.6924539118,162.58734494384743,-17307.720622044726,162.58734494384743,0.0,0.0
VDATA20220128A_00000089_calib_collapsed.fits,True,-32,2,256,256,2022-01-28,HD29333,06:01:10.006,06:01:18.440,06:01:01.571,20:01:10.012,20:01:18.448,20:01:01.576,59607.2508045,59607.250903,59607.250706,VTMP00000089,0.01,ACQUISITION,NAOJ,Subaru,VAMPIRES,UTC,o21156,"""[Summit] Millar-Blancher, Zhang [Hilo] Guyon, Deo, Vievard, Ah""",Observation,IMAG_POL,ICRS,180.0,4:38:25.669,29:23:12.76,2000.0,NS_IR,-0.12,1.022,11.83138,34.27754,78.16862,Nasmyth-IR,OFF,IR,25.2,621.7,271.75,4.4,1.0,10000.0,801.0,0.0,100000.0,10000.0,0.0,2.0,1.0,4.0,1.0,/mnt/data/20220128/,HD29333_02_20220128_675-50_EmptySlot_0,0,300.0,152.0,165.0,675-50,EmptySlot,1.0,T,IN,147.12701,145.127,+29:23:14,1.0,ADI,-39.0,163.025,04:38:26.0,SYNC,SCEXAO,348.72,35708928.0,MIRROR,152.63,15629312.0,OPEN,13.0,100.0,11.4,0.0,103.56796,+29:23:14.50,ADI,-1.549,-39.0,04:38:25.990,TRACK,0.0,ao188cmtx.oct,10.0,1.0,1.0,0.0,ON,0.0,0.01,0.0,ao188ttctrl.oct,0.001,0.0,2022-01-28T06:01:23,2,VMPA00016237,iXon Ultra 897 - VAMPIRES 1.0,300.0,0.0,HWP(NIR),45,8.0,-143.4732672203687,-143.7504119386983,-143.6116332857928,137.7883667142072,2,128.5,128.5,-0.74066819544718,0.67187098780422,-0.67187098780422,-0.74066819544718,-1.7333333333333e-06,1.7333333333333e-06,deg,deg,RA---TAN,DEC--TAN,69.606954166667,29.386877777778,29.386877777778,0.0,master_dark_em300_00010ms_cam1.fits,median,118.0,127.0,621.0,115135.42062865572,0,0.0,0.0,0.0,0.0,0,0,0.0,0.0,73.30065537484457,0.0,0.0,0.0,0.0,0.0,0.0,0.0,0.0
VDATA20220128A_00000090_calib_collapsed.fits,True,-32,2,256,256,2022-01-28,HD29333,06:01:10.006,06:01:18.440,06:01:01.571,20:01:10.012,20:01:18.448,20:01:01.576,59607.2508045,59607.250903,59607.250706,VTMP00000090,0.01,ACQUISITION,NAOJ,Subaru,VAMPIRES,UTC,o21156,"""[Summit] Millar-Blancher, Zhang [Hilo] Guyon, Deo, Vievard, Ah""",Observation,IMAG_POL,ICRS,180.0,4:38:25.669,29:23:12.76,2000.0,NS_IR,-0.12,1.022,11.83138,34.27754,78.16862,Nasmyth-IR,OFF,IR,25.2,621.7,271.75,4.4,2.0,10000.0,801.0,0.0,100000.0,10000.0,0.0,2.0,1.0,4.0,1.0,/mnt/data/20220128/,HD29333_02_20220128_675-50_EmptySlot_0,0,300.0,152.0,165.0,675-50,EmptySlot,1.0,T,IN,147.12701,145.127,+29:23:14,1.0,ADI,-39.0,163.025,04:38:26.0,SYNC,SCEXAO,348.72,35708928.0,MIRROR,152.63,15629312.0,OPEN,13.0,100.0,11.4,0.0,103.56796,+29:23:14.50,ADI,-1.549,-39.0,04:38:25.990,TRACK,0.0,ao188cmtx.oct,10.0,1.0,1.0,0.0,ON,0.0,0.01,0.0,ao188ttctrl.oct,0.001,0.0,2022-01-28T06:01:27,1,VMPA00016239,iXon Ultra 897 - VAMPIRES 2.0,300.0,0.0,HWP(NIR),45,8.0,-143.4732672203687,-143.7504119386983,-143.6116332857928,137.7883667142072,2,128.5,128.5,-0.74066819544718,0.67187098780422,-0.67187098780422,-0.74066819544718,-1.7333333333333e-06,1.7333333333333e-06,deg,deg,RA---TAN,DEC--TAN,69.606954166667,29.386877777778,29.386877777778,0.0,master_dark_em300_00010ms_cam2.fits,median,120.0,126.0,950.0,176746.78590932256,0,0.0,0.0,0.0,0.0,0,0,0.0,0.0,90.81950818522957,0.0,0.0,0.0,0.0,0.0,0.0,0.0,0.0
VDATA20220128A_00000091_calib_collapsed.fits,True,-32,2,256,256,2022-01-28,HD29333,06:01:10.006,06:01:18.440,06:01:01.571,20:01:10.012,20:01:18.448,20:01:01.576,59607.2508045,59607.250903,59607.250706,VTMP00000091,0.01,ACQUISITION,NAOJ,Subaru,VAMPIRES,UTC,o21156,"""[Summit] Millar-Blancher, Zhang [Hilo] Guyon, Deo, Vievard, Ah""",Observation,IMAG_POL,ICRS,180.0,4:38:25.669,29:23:12.76,2000.0,NS_IR,-0.12,1.022,11.83138,34.27754,78.16862,Nasmyth-IR,OFF,IR,25.2,621.7,271.75,4.4,2.0,10000.0,801.0,0.0,100000.0,10000.0,0.0,2.0,1.0,4.0,1.0,/mnt/data/20220128/,HD29333_02_20220128_675-50_EmptySlot_0,0,300.0,152.0,165.0,675-50,EmptySlot,1.0,T,IN,147.12701,145.127,+29:23:14,1.0,ADI,-39.0,163.025,04:38:26.0,SYNC,SCEXAO,348.72,35708928.0,MIRROR,152.63,15629312.0,OPEN,13.0,100.0,11.4,0.0,103.56796,+29:23:14.50,ADI,-1.549,-39.0,04:38:25.990,TRACK,0.0,ao188cmtx.oct,10.0,1.0,1.0,0.0,ON,0.0,0.01,0.0,ao188ttctrl.oct,0.001,0.0,2022-01-28T06:01:27,2,VMPA00016239,iXon Ultra 897 - VAMPIRES 2.0,300.0,0.0,HWP(NIR),45,8.0,-143.4732672203687,-143.7504119386983,-143.6116332857928,137.7883667142072,2,128.5,128.5,-0.74066819544718,0.67187098780422,-0.67187098780422,-0.74066819544718,-1.7333333333333e-06,1.7333333333333e-06,deg,deg,RA---TAN,DEC--TAN,69.606954166667,29.386877777778,29.386877777778,0.0,master_dark_em300_00010ms_cam2.fits,median,120.0,126.0,865.0,163959.6245599956,0,0.0,0.0,0.0,0.0,0,0,0.0,0.0,87.47256081267747,0.0,0.0,0.0,0.0,0.0,0.0,0.0,0.0
VDATA20220128A_00000092_calib_collapsed.fits,True,-32,2,256,256,2022-01-28,HD29333,06:01:41.661,06:01:50.081,06:01:33.241,20:01:41.668,20:01:50.088,20:01:33.247,59607.2511745,59607.251273,59607.251076,VTMP00000092,0.01,ACQUISITION,NAOJ,Subaru,VAMPIRES,UTC,o21156,"""[Summit] Millar-Blancher, Zhang [Hilo] Guyon, Deo, Vievard, Ah""",Observation,IMAG_POL,ICRS,180.0,4:38:25.665,29:23:12.76,2000.0,NS_IR,-0.12,1.021,11.76226,33.83242,78.23774,Nasmyth-IR,OFF,IR,25.1,621.7,271.75,4.4,1.0,10000.0,801.0,0.0,100000.0,10000.0,45.0,2.0,1.0,4.0,2.0,/mnt/data/20220128/,HD29333_02_20220128_675-50_EmptySlot_0,1,300.0,152.0,165.0,675-50,EmptySlot,1.0,T,IN,147.089,145.09003,+29:23:14,1.0,ADI,-39.0,163.025,04:38:26.0,SYNC,SCEXAO,348.72,35708928.0,MIRROR,152.63,15629312.0,OPEN,13.0,100.0,11.4,0.0,103.60649,+29:23:14.50,ADI,-2.075,-39.0,04:38:25.990,TRACK,0.0,ao188cmtx.oct,10.0,1.0,1.0,0.0,ON,0.0,0.01,0.0,ao188ttctrl.oct,0.001,0.0,2022-01-28T06:01:54,1,VMPA00016241,iXon Ultra 897 - VAMPIRES 1.0,300.0,45.0,HWP(NIR),45,8.0,-143.9952211287614,-144.2754741353372,-144.1351402541006,137.2648597458994,2,128.5,128.5,-0.73449853272337,0.67861027506753,-0.67861027506753,-0.73449853272337,-1.7333333333333e-06,1.7333333333333e-06,deg,deg,RA---TAN,DEC--TAN,69.6069375,29.386877777778,29.386877777778,0.0,master_dark_em300_00010ms_cam1.fits,median,119.0,127.0,730.0,126941.24302109209,"(0.08996857224862131, 0.0)",0.0453296938182886,-0.2092187469992549,0.0,0.0,0,0,0.0,0.0,76.9670350410193,0.000277217317942,0.0002829290537409,608495.7038880512,168.51250769350355,27582.923946989395,168.51250769350355,0.0,0.0
VDATA20220128A_00000093_calib_collapsed.fits,True,-32,2,256,256,2022-01-28,HD29333,06:01:41.661,06:01:50.081,06:01:33.241,20:01:41.668,20:01:50.088,20:01:33.247,59607.2511745,59607.251273,59607.251076,VTMP00000093,0.01,ACQUISITION,NAOJ,Subaru,VAMPIRES,UTC,o21156,"""[Summit] Millar-Blancher, Zhang [Hilo] Guyon, Deo, Vievard, Ah""",Observation,IMAG_POL,ICRS,180.0,4:38:25.665,29:23:12.76,2000.0,NS_IR,-0.12,1.021,11.76226,33.83242,78.23774,Nasmyth-IR,OFF,IR,25.1,621.7,271.75,4.4,1.0,10000.0,801.0,0.0,100000.0,10000.0,45.0,2.0,1.0,4.0,2.0,/mnt/data/20220128/,HD29333_02_20220128_675-50_EmptySlot_0,1,300.0,152.0,165.0,675-50,EmptySlot,1.0,T,IN,147.089,145.09003,+29:23:14,1.0,ADI,-39.0,163.025,04:38:26.0,SYNC,SCEXAO,348.72,35708928.0,MIRROR,152.63,15629312.0,OPEN,13.0,100.0,11.4,0.0,103.60649,+29:23:14.50,ADI,-2.075,-39.0,04:38:25.990,TRACK,0.0,ao188cmtx.oct,10.0,1.0,1.0,0.0,ON,0.0,0.01,0.0,ao188ttctrl.oct,0.001,0.0,2022-01-28T06:01:54,2,VMPA00016241,iXon Ultra 897 - VAMPIRES 1.0,300.0,45.0,HWP(NIR),45,8.0,-143.9952211287614,-144.2754741353372,-144.1351402541006,137.2648597458994,2,128.5,128.5,-0.73449853272337,0.67861027506753,-0.67861027506753,-0.73449853272337,-1.7333333333333e-06,1.7333333333333e-06,deg,deg,RA---TAN,DEC--TAN,69.6069375,29.386877777778,29.386877777778,0.0,master_dark_em300_00010ms_cam1.fits,median,119.0,127.0,713.5,113652.25456198964,0,0.0,0.0,0.0,0.0,0,0,0.0,0.0,72.82699820480464,0.0,0.0,0.0,0.0,0.0,0.0,0.0,0.0
VDATA20220128A_00000094_calib_collapsed.fits,True,-32,2,256,256,2022-01-28,HD29333,06:01:41.661,06:01:50.081,06:01:33.241,20:01:41.668,20:01:50.088,20:01:33.247,59607.2511745,59607.251273,59607.251076,VTMP00000094,0.01,ACQUISITION,NAOJ,Subaru,VAMPIRES,UTC,o21156,"""[Summit] Millar-Blancher, Zhang [Hilo] Guyon, Deo, Vievard, Ah""",Observation,IMAG_POL,ICRS,180.0,4:38:25.665,29:23:12.76,2000.0,NS_IR,-0.12,1.021,11.76226,33.83242,78.23774,Nasmyth-IR,OFF,IR,25.1,621.7,271.75,4.4,2.0,10000.0,801.0,0.0,100000.0,10000.0,45.0,2.0,1.0,4.0,2.0,/mnt/data/20220128/,HD29333_02_20220128_675-50_EmptySlot_0,1,300.0,152.0,165.0,675-50,EmptySlot,1.0,T,IN,147.089,145.09003,+29:23:14,1.0,ADI,-39.0,163.025,04:38:26.0,SYNC,SCEXAO,348.72,35708928.0,MIRROR,152.63,15629312.0,OPEN,13.0,100.0,11.4,0.0,103.60649,+29:23:14.50,ADI,-2.075,-39.0,04:38:25.990,TRACK,0.0,ao188cmtx.oct,10.0,1.0,1.0,0.0,ON,0.0,0.01,0.0,ao188ttctrl.oct,0.001,0.0,2022-01-28T06:01:59,1,VMPA00016243,iXon Ultra 897 - VAMPIRES 2.0,300.0,45.0,HWP(NIR),45,8.0,-143.9952211287614,-144.2754741353372,-144.1351402541006,137.2648597458994,2,128.5,128.5,-0.73449853272337,0.67861027506753,-0.67861027506753,-0.73449853272337,-1.7333333333333e-06,1.7333333333333e-06,deg,deg,RA---TAN,DEC--TAN,69.6069375,29.386877777778,29.386877777778,0.0,master_dark_em300_00010ms_cam2.fits,median,120.0,127.0,1003.5,176804.13540854125,0,0.0,0.0,0.0,0.0,0,0,0.0,0.0,90.83424131536329,0.0,0.0,0.0,0.0,0.0,0.0,0.0,0.0
VDATA20220128A_00000095_calib_collapsed.fits,True,-32,2,256,256,2022-01-28,HD29333,06:01:41.661,06:01:50.081,06:01:33.241,20:01:41.668,20:01:50.088,20:01:33.247,59607.2511745,59607.251273,59607.251076,VTMP00000095,0.01,ACQUISITION,NAOJ,Subaru,VAMPIRES,UTC,o21156,"""[Summit] Millar-Blancher, Zhang [Hilo] Guyon, Deo, Vievard, Ah""",Observation,IMAG_POL,ICRS,180.0,4:38:25.665,29:23:12.76,2000.0,NS_IR,-0.12,1.021,11.76226,33.83242,78.23774,Nasmyth-IR,OFF,IR,25.1,621.7,271.75,4.4,2.0,10000.0,801.0,0.0,100000.0,10000.0,45.0,2.0,1.0,4.0,2.0,/mnt/data/20220128/,HD29333_02_20220128_675-50_EmptySlot_0,1,300.0,152.0,165.0,675-50,EmptySlot,1.0,T,IN,147.089,145.09003,+29:23:14,1.0,ADI,-39.0,163.025,04:38:26.0,SYNC,SCEXAO,348.72,35708928.0,MIRROR,152.63,15629312.0,OPEN,13.0,100.0,11.4,0.0,103.60649,+29:23:14.50,ADI,-2.075,-39.0,04:38:25.990,TRACK,0.0,ao188cmtx.oct,10.0,1.0,1.0,0.0,ON,0.0,0.01,0.0,ao188ttctrl.oct,0.001,0.0,2022-01-28T06:01:59,2,VMPA00016243,iXon Ultra 897 - VAMPIRES 2.0,300.0,45.0,HWP(NIR),45,8.0,-143.9952211287614,-144.2754741353372,-144.1351402541006,137.2648597458994,2,128.5,128.5,-0.73449853272337,0.67861027506753,-0.67861027506753,-0.73449853272337,-1.7333333333333e-06,1.7333333333333e-06,deg,deg,RA---TAN,DEC--TAN,69.6069375,29.386877777778,29.386877777778,0.0,master_dark_em300_00010ms_cam2.fits,median,120.0,126.0,1102.0,191098.0708964282,0,0.0,0.0,0.0,0.0,0,0,0.0,0.0,94.4346848530101,0.0,0.0,0.0,0.0,0.0,0.0,0.0,0.0
VDATA20220128A_00000096_calib_collapsed.fits,True,-32,2,256,256,2022-01-28,HD29333,06:02:12.667,06:02:21.087,06:02:04.247,20:02:12.673,20:02:21.094,20:02:04.251,59607.2515335,59607.251632,59607.251435,VTMP00000096,0.01,ACQUISITION,NAOJ,Subaru,VAMPIRES,UTC,o21156,"""[Summit] Millar-Blancher, Zhang [Hilo] Guyon, Deo, Vievard, Ah""",Observation,IMAG_POL,ICRS,180.0,4:38:25.665,29:23:12.71,2000.0,NS_IR,-0.12,1.021,11.69351,33.37896,78.30649,Nasmyth-IR,OFF,IR,24.9,621.7,271.75,4.4,1.0,10000.0,801.0,0.0,100000.0,10000.0,22.5,2.0,1.0,4.0,3.0,/mnt/data/20220128/,HD29333_02_20220128_675-50_EmptySlot_0,2,300.0,152.0,165.0,675-50,EmptySlot,1.0,T,IN,147.05299,145.05497,+29:23:14,1.0,ADI,-39.0,163.025,04:38:26.0,SYNC,SCEXAO,348.72,35708928.0,MIRROR,152.63,15629312.0,OPEN,13.0,100.0,11.4,0.0,103.64159,+29:23:14.50,ADI,-2.574,-39.0,04:38:25.990,TRACK,0.0,ao188cmtx.oct,10.0,1.0,1.0,0.0,ON,0.0,0.01,0.0,ao188ttctrl.oct,0.001,0.0,2022-01-28T06:02:26,1,VMPA00016245,iXon Ultra 897 - VAMPIRES 1.0,300.0,22.5,HWP(NIR),45,8.0,-144.5071409358734,-144.7904244666739,-144.6485743666435,136.7514256333565,2,128.5,128.5,-0.72838801837735,0.6851648667907,-0.6851648667907,-0.72838801837735,-1.7333333333333e-06,1.7333333333333e-06,deg,deg,RA---TAN,DEC--TAN,69.6069375,29.386863888889,29.386863888889,0.0,master_dark_em300_00010ms_cam1.fits,median,120.0,126.0,72.0,20221.5209670449,"(0.09132515840360478, 0.0)",0.0452617735408091,-0.2958427904809817,0.0,0.0,0,0,0.0,0.0,30.719227453834574,0.0006588178252966,0.0006863413409604,107737.0001268389,70.90646280006199,4876.367701707106,70.90646280006199,0.0,0.0
VDATA20220128A_00000097_calib_collapsed.fits,True,-32,2,256,256,2022-01-28,HD29333,06:02:12.667,06:02:21.087,06:02:04.247,20:02:12.673,20:02:21.094,20:02:04.251,59607.2515335,59607.251632,59607.251435,VTMP00000097,0.01,ACQUISITION,NAOJ,Subaru,VAMPIRES,UTC,o21156,"""[Summit] Millar-Blancher, Zhang [Hilo] Guyon, Deo, Vievard, Ah""",Observation,IMAG_POL,ICRS,180.0,4:38:25.665,29:23:12.71,2000.0,NS_IR,-0.12,1.021,11.69351,33.37896,78.30649,Nasmyth-IR,OFF,IR,24.9,621.7,271.75,4.4,1.0,10000.0,801.0,0.0,100000.0,10000.0,22.5,2.0,1.0,4.0,3.0,/mnt/data/20220128/,HD29333_02_20220128_675-50_EmptySlot_0,2,300.0,152.0,165.0,675-50,EmptySlot,1.0,T,IN,147.05299,145.05497,+29:23:14,1.0,ADI,-39.0,163.025,04:38:26.0,SYNC,SCEXAO,348.72,35708928.0,MIRROR,152.63,15629312.0,OPEN,13.0,100.0,11.4,0.0,103.64159,+29:23:14.50,ADI,-2.574,-39.0,04:38:25.990,TRACK,0.0,ao188cmtx.oct,10.0,1.0,1.0,0.0,ON,0.0,0.01,0.0,ao188ttctrl.oct,0.001,0.0,2022-01-28T06:02:26,2,VMPA00016245,iXon Ultra 897 - VAMPIRES 1.0,300.0,22.5,HWP(NIR),45,8.0,-144.5071409358734,-144.7904244666739,-144.6485743666435,136.7514256333565,2,128.5,128.5,-0.72838801837735,0.6851648667907,-0.6851648667907,-0.72838801837735,-1.7333333333333e-06,1.7333333333333e-06,deg,deg,RA---TAN,DEC--TAN,69.6069375,29.386863888889,29.386863888889,0.0,master_dark_em300_00010ms_cam1.fits,median,122.0,127.0,71.5,17710.3717185876,0,0.0,0.0,0.0,0.0,0,0,0.0,0.0,28.748634467667745,0.0,0.0,0.0,0.0,0.0,0.0,0.0,0.0
VDATA20220128A_00000098_calib_collapsed.fits,True,-32,2,256,256,2022-01-28,HD29333,06:02:12.667,06:02:21.087,06:02:04.247,20:02:12.673,20:02:21.094,20:02:04.251,59607.2515335,59607.251632,59607.251435,VTMP00000098,0.01,ACQUISITION,NAOJ,Subaru,VAMPIRES,UTC,o21156,"""[Summit] Millar-Blancher, Zhang [Hilo] Guyon, Deo, Vievard, Ah""",Observation,IMAG_POL,ICRS,180.0,4:38:25.665,29:23:12.71,2000.0,NS_IR,-0.12,1.021,11.69351,33.37896,78.30649,Nasmyth-IR,OFF,IR,24.9,621.7,271.75,4.4,2.0,10000.0,801.0,0.0,100000.0,10000.0,22.5,2.0,1.0,4.0,3.0,/mnt/data/20220128/,HD29333_02_20220128_675-50_EmptySlot_0,2,300.0,152.0,165.0,675-50,EmptySlot,1.0,T,IN,147.05299,145.05497,+29:23:14,1.0,ADI,-39.0,163.025,04:38:26.0,SYNC,SCEXAO,348.72,35708928.0,MIRROR,152.63,15629312.0,OPEN,13.0,100.0,11.4,0.0,103.64159,+29:23:14.50,ADI,-2.574,-39.0,04:38:25.990,TRACK,0.0,ao188cmtx.oct,10.0,1.0,1.0,0.0,ON,0.0,0.01,0.0,ao188ttctrl.oct,0.001,0.0,2022-01-28T06:02:30,1,VMPA00016247,iXon Ultra 897 - VAMPIRES 2.0,300.0,22.5,HWP(NIR),45,8.0,-144.5071409358734,-144.7904244666739,-144.6485743666435,136.7514256333565,2,128.5,128.5,-0.72838801837735,0.6851648667907,-0.6851648667907,-0.72838801837735,-1.7333333333333e-06,1.7333333333333e-06,deg,deg,RA---TAN,DEC--TAN,69.6069375,29.386863888889,29.386863888889,0.0,master_dark_em300_00010ms_cam2.fits,median,121.0,127.0,109.0,33719.9444939783,0,0.0,0.0,0.0,0.0,0,0,0.0,0.0,39.66859395361486,0.0,0.0,0.0,0.0,0.0,0.0,0.0,0.0
VDATA20220128A_00000099_calib_collapsed.fits,True,-32,2,256,256,2022-01-28,HD29333,06:02:12.667,06:02:21.087,06:02:04.247,20:02:12.673,20:02:21.094,20:02:04.251,59607.2515335,59607.251632,59607.251435,VTMP00000099,0.01,ACQUISITION,NAOJ,Subaru,VAMPIRES,UTC,o21156,"""[Summit] Millar-Blancher, Zhang [Hilo] Guyon, Deo, Vievard, Ah""",Observation,IMAG_POL,ICRS,180.0,4:38:25.665,29:23:12.71,2000.0,NS_IR,-0.12,1.021,11.69351,33.37896,78.30649,Nasmyth-IR,OFF,IR,24.9,621.7,271.75,4.4,2.0,10000.0,801.0,0.0,100000.0,10000.0,22.5,2.0,1.0,4.0,3.0,/mnt/data/20220128/,HD29333_02_20220128_675-50_EmptySlot_0,2,300.0,152.0,165.0,675-50,EmptySlot,1.0,T,IN,147.05299,145.05497,+29:23:14,1.0,ADI,-39.0,163.025,04:38:26.0,SYNC,SCEXAO,348.72,35708928.0,MIRROR,152.63,15629312.0,OPEN,13.0,100.0,11.4,0.0,103.64159,+29:23:14.50,ADI,-2.574,-39.0,04:38:25.990,TRACK,0.0,ao188cmtx.oct,10.0,1.0,1.0,0.0,ON,0.0,0.01,0.0,ao188ttctrl.oct,0.001,0.0,2022-01-28T06:02:30,2,VMPA00016247,iXon Ultra 897 - VAMPIRES 2.0,300.0,22.5,HWP(NIR),45,8.0,-144.5071409358734,-144.7904244666739,-144.6485743666435,136.7514256333565,2,128.5,128.5,-0.72838801837735,0.6851648667907,-0.6851648667907,-0.72838801837735,-1.7333333333333e-06,1.7333333333333e-06,deg,deg,RA---TAN,DEC--TAN,69.6069375,29.386863888889,29.386863888889,0.0,master_dark_em300_00010ms_cam2.fits,median,120.0,126.0,113.0,36085.162947228106,0,0.0,0.0,0.0,0.0,0,0,0.0,0.0,41.03625471998885,0.0,0.0,0.0,0.0,0.0,0.0,0.0,0.0
VDATA20220128A_00000100_calib_collapsed.fits,True,-32,2,256,256,2022-01-28,HD29333,06:02:49.391,06:02:57.820,06:02:40.962,20:02:49.399,20:02:57.828,20:02:40.969,59607.2519505,59607.252049,59607.251852,VTMP00000100,0.01,ACQUISITION,NAOJ,Subaru,VAMPIRES,UTC,o21156,"""[Summit] Millar-Blancher, Zhang [Hilo] Guyon, Deo, Vievard, Ah""",Observation,IMAG_POL,ICRS,180.0,4:38:25.67,29:23:12.76,2000.0,NS_IR,-0.12,1.021,11.61559,32.85108,78.38441,Nasmyth-IR,OFF,IR,24.9,621.7,271.75,4.4,1.0,10000.0,801.0,0.0,100000.0,10000.0,67.5,2.0,1.0,4.0,4.0,/mnt/data/20220128/,HD29333_02_20220128_675-50_EmptySlot_0,3,300.0,152.0,165.0,675-50,EmptySlot,1.0,T,IN,147.01204,145.01202,+29:23:14,1.0,ADI,-39.0,163.025,04:38:26.0,SYNC,SCEXAO,348.72,35708928.0,MIRROR,152.63,15629312.0,OPEN,13.0,100.0,11.4,0.0,103.67856,+29:23:14.50,ADI,-3.161,-39.0,04:38:25.990,TRACK,0.0,ao188cmtx.oct,10.0,1.0,1.0,0.0,ON,0.0,0.01,0.0,ao188ttctrl.oct,0.001,0.0,2022-01-28T06:03:02,1,VMPA00016249,iXon Ultra 897 - VAMPIRES 1.0,300.0,67.5,HWP(NIR),45,8.0,-145.1087095681597,-145.395528914173,-145.2519099224979,136.1480900775021,2,128.5,128.5,-0.72113285089507,0.69279680380322,-0.69279680380322,-0.72113285089507,-1.7333333333333e-06,1.7333333333333e-06,deg,deg,RA---TAN,DEC--TAN,69.606958333333,29.386877777778,29.386877777778,0.0,master_dark_em300_00010ms_cam1.fits,median,118.0,127.0,1097.0,145064.39062324486,"(-0.0386305242035504, 0.0)",-0.0214212309091242,-0.2033166288134761,0.0,0.0,0,0,0.0,0.0,82.27801223725858,0.0002514211132535,0.0002565062263171,738588.4534368376,185.6541406073229,-15821.473807883449,185.6541406073229,0.0,0.0
VDATA20220128A_00000101_calib_collapsed.fits,True,-32,2,256,256,2022-01-28,HD29333,06:02:49.391,06:02:57.820,06:02:40.962,20:02:49.399,20:02:57.828,20:02:40.969,59607.2519505,59607.252049,59607.251852,VTMP00000101,0.01,ACQUISITION,NAOJ,Subaru,VAMPIRES,UTC,o21156,"""[Summit] Millar-Blancher, Zhang [Hilo] Guyon, Deo, Vievard, Ah""",Observation,IMAG_POL,ICRS,180.0,4:38:25.67,29:23:12.76,2000.0,NS_IR,-0.12,1.021,11.61559,32.85108,78.38441,Nasmyth-IR,OFF,IR,24.9,621.7,271.75,4.4,1.0,10000.0,801.0,0.0,100000.0,10000.0,67.5,2.0,1.0,4.0,4.0,/mnt/data/20220128/,HD29333_02_20220128_675-50_EmptySlot_0,3,300.0,152.0,165.0,675-50,EmptySlot,1.0,T,IN,147.01204,145.01202,+29:23:14,1.0,ADI,-39.0,163.025,04:38:26.0,SYNC,SCEXAO,348.72,35708928.0,MIRROR,152.63,15629312.0,OPEN,13.0,100.0,11.4,0.0,103.67856,+29:23:14.50,ADI,-3.161,-39.0,04:38:25.990,TRACK,0.0,ao188cmtx.oct,10.0,1.0,1.0,0.0,ON,0.0,0.01,0.0,ao188ttctrl.oct,0.001,0.0,2022-01-28T06:03:02,2,VMPA00016249,iXon Ultra 897 - VAMPIRES 1.0,300.0,67.5,HWP(NIR),45,8.0,-145.1087095681597,-145.395528914173,-145.2519099224979,136.1480900775021,2,128.5,128.5,-0.72113285089507,0.69279680380322,-0.69279680380322,-0.72113285089507,-1.7333333333333e-06,1.7333333333333e-06,deg,deg,RA---TAN,DEC--TAN,69.606958333333,29.386877777778,29.386877777778,0.0,master_dark_em300_00010ms_cam1.fits,median,119.0,127.0,1077.0,149146.1788785055,0,0.0,0.0,0.0,0.0,0,0,0.0,0.0,83.42754209984956,0.0,0.0,0.0,0.0,0.0,0.0,0.0,0.0
VDATA20220128A_00000102_calib_collapsed.fits,True,-32,2,256,256,2022-01-28,HD29333,06:02:49.391,06:02:57.820,06:02:40.962,20:02:49.399,20:02:57.828,20:02:40.969,59607.2519505,59607.252049,59607.251852,VTMP00000102,0.01,ACQUISITION,NAOJ,Subaru,VAMPIRES,UTC,o21156,"""[Summit] Millar-Blancher, Zhang [Hilo] Guyon, Deo, Vievard, Ah""",Observation,IMAG_POL,ICRS,180.0,4:38:25.67,29:23:12.76,2000.0,NS_IR,-0.12,1.021,11.61559,32.85108,78.38441,Nasmyth-IR,OFF,IR,24.9,621.7,271.75,4.4,2.0,10000.0,801.0,0.0,100000.0,10000.0,67.5,2.0,1.0,4.0,4.0,/mnt/data/20220128/,HD29333_02_20220128_675-50_EmptySlot_0,3,300.0,152.0,165.0,675-50,EmptySlot,1.0,T,IN,147.01204,145.01202,+29:23:14,1.0,ADI,-39.0,163.025,04:38:26.0,SYNC,SCEXAO,348.72,35708928.0,MIRROR,152.63,15629312.0,OPEN,13.0,100.0,11.4,0.0,103.67856,+29:23:14.50,ADI,-3.161,-39.0,04:38:25.990,TRACK,0.0,ao188cmtx.oct,10.0,1.0,1.0,0.0,ON,0.0,0.01,0.0,ao188ttctrl.oct,0.001,0.0,2022-01-28T06:03:06,1,VMPA00016251,iXon Ultra 897 - VAMPIRES 2.0,300.0,67.5,HWP(NIR),45,8.0,-145.1087095681597,-145.395528914173,-145.2519099224979,136.1480900775021,2,128.5,128.5,-0.72113285089507,0.69279680380322,-0.69279680380322,-0.72113285089507,-1.7333333333333e-06,1.7333333333333e-06,deg,deg,RA---TAN,DEC--TAN,69.606958333333,29.386877777778,29.386877777778,0.0,master_dark_em300_00010ms_cam2.fits,median,119.0,126.0,1632.5,228058.78474385504,0,0.0,0.0,0.0,0.0,0,0,0.0,0.0,103.1636702604182,0.0,0.0,0.0,0.0,0.0,0.0,0.0,0.0
VDATA20220128A_00000103_calib_collapsed.fits,True,-32,2,256,256,2022-01-28,HD29333,06:02:49.391,06:02:57.820,06:02:40.962,20:02:49.399,20:02:57.828,20:02:40.969,59607.2519505,59607.252049,59607.251852,VTMP00000103,0.01,ACQUISITION,NAOJ,Subaru,VAMPIRES,UTC,o21156,"""[Summit] Millar-Blancher, Zhang [Hilo] Guyon, Deo, Vievard, Ah""",Observation,IMAG_POL,ICRS,180.0,4:38:25.67,29:23:12.76,2000.0,NS_IR,-0.12,1.021,11.61559,32.85108,78.38441,Nasmyth-IR,OFF,IR,24.9,621.7,271.75,4.4,2.0,10000.0,801.0,0.0,100000.0,10000.0,67.5,2.0,1.0,4.0,4.0,/mnt/data/20220128/,HD29333_02_20220128_675-50_EmptySlot_0,3,300.0,152.0,165.0,675-50,EmptySlot,1.0,T,IN,147.01204,145.01202,+29:23:14,1.0,ADI,-39.0,163.025,04:38:26.0,SYNC,SCEXAO,348.72,35708928.0,MIRROR,152.63,15629312.0,OPEN,13.0,100.0,11.4,0.0,103.67856,+29:23:14.50,ADI,-3.161,-39.0,04:38:25.990,TRACK,0.0,ao188cmtx.oct,10.0,1.0,1.0,0.0,ON,0.0,0.01,0.0,ao188ttctrl.oct,0.001,0.0,2022-01-28T06:03:06,2,VMPA00016251,iXon Ultra 897 - VAMPIRES 2.0,300.0,67.5,HWP(NIR),45,8.0,-145.1087095681597,-145.395528914173,-145.2519099224979,136.1480900775021,2,128.5,128.5,-0.72113285089507,0.69279680380322,-0.69279680380322,-0.72113285089507,-1.7333333333333e-06,1.7333333333333e-06,deg,deg,RA---TAN,DEC--TAN,69.606958333333,29.386877777778,29.386877777778,0.0,master_dark_em300_00010ms_cam2.fits,median,120.0,126.0,1552.5,216319.09919123224,0,0.0,0.0,-0.037942025952671,0.03334150222496665,0,0,0.0505099307464444,69.34632791277662,100.47333469387124,0.0,0.0,0.0,0.0,0.0,0.0,0.00019956816938612244,0.00035258102016351173
VDATA20220128A_00000104_calib_collapsed.fits,True,-32,2,256,256,2022-01-28,HD29333,06:03:25.546,06:03:33.962,06:03:17.129,20:03:25.552,20:03:33.969,20:03:17.134,59607.2523725,59607.252465,59607.25228,VTMP00000104,0.01,ACQUISITION,NAOJ,Subaru,VAMPIRES,UTC,o21156,"""[Summit] Millar-Blancher, Zhang [Hilo] Guyon, Deo, Vievard, Ah""",Observation,IMAG_POL,ICRS,180.0,4:38:25.665,29:23:12.72,2000.0,NS_IR,-0.12,1.021,11.53894,32.31714,78.46106,Nasmyth-IR,OFF,IR,25.1,621.7,271.75,4.4,1.0,10000.0,801.0,0.0,100000.0,10000.0,0.0,2.0,2.0,4.0,1.0,/mnt/data/20220128/,HD29333_02_20220128_675-50_EmptySlot_0,4,300.0,152.0,165.0,675-50,EmptySlot,1.0,T,IN,146.97099,144.97098,+29:23:14,1.0,ADI,-39.0,163.025,04:38:26.0,SYNC,SCEXAO,348.72,35708928.0,MIRROR,152.63,15629312.0,OPEN,13.0,100.0,11.4,0.0,103.71725,+29:23:14.50,ADI,-3.755,-39.0,04:38:25.990,TRACK,0.0,ao188cmtx.oct,10.0,1.0,1.0,0.0,ON,0.0,0.01,0.0,ao188ttctrl.oct,0.001,0.0,2022-01-28T06:03:39,1,VMPA00016253,iXon Ultra 897 - VAMPIRES 1.0,300.0,0.0,HWP(NIR),45,8.0,-145.7340391786751,-146.0067634995728,-145.8702159943372,135.5297840056628,2,128.5,128.5,-0.71361470570593,0.70053840137443,-0.70053840137443,-0.71361470570593,-1.7333333333333e-06,1.7333333333333e-06,deg,deg,RA---TAN,DEC--TAN,69.6069375,29.386866666667,29.386866666667,0.0,master_dark_em300_00010ms_cam1.fits,median,120.0,127.0,79.5,22033.54862373468,"(-0.06236069431383656, 0.0)",-0.0357413826783104,-0.2833117553674489,0.0,0.0,0,0,0.0,0.0,32.06606046517489,0.0006079221580845,0.0006314457138723,126434.40010847682,76.813226637419,-4518.94027797968,76.813226637419,0.0,0.0
VDATA20220128A_00000105_calib_collapsed.fits,True,-32,2,256,256,2022-01-28,HD29333,06:03:25.546,06:03:33.962,06:03:17.129,20:03:25.552,20:03:33.969,20:03:17.134,59607.2523725,59607.252465,59607.25228,VTMP00000105,0.01,ACQUISITION,NAOJ,Subaru,VAMPIRES,UTC,o21156,"""[Summit] Millar-Blancher, Zhang [Hilo] Guyon, Deo, Vievard, Ah""",Observation,IMAG_POL,ICRS,180.0,4:38:25.665,29:23:12.72,2000.0,NS_IR,-0.12,1.021,11.53894,32.31714,78.46106,Nasmyth-IR,OFF,IR,25.1,621.7,271.75,4.4,1.0,10000.0,801.0,0.0,100000.0,10000.0,0.0,2.0,2.0,4.0,1.0,/mnt/data/20220128/,HD29333_02_20220128_675-50_EmptySlot_0,4,300.0,152.0,165.0,675-50,EmptySlot,1.0,T,IN,146.97099,144.97098,+29:23:14,1.0,ADI,-39.0,163.025,04:38:26.0,SYNC,SCEXAO,348.72,35708928.0,MIRROR,152.63,15629312.0,OPEN,13.0,100.0,11.4,0.0,103.71725,+29:23:14.50,ADI,-3.755,-39.0,04:38:25.990,TRACK,0.0,ao188cmtx.oct,10.0,1.0,1.0,0.0,ON,0.0,0.01,0.0,ao188ttctrl.oct,0.001,0.0,2022-01-28T06:03:39,2,VMPA00016253,iXon Ultra 897 - VAMPIRES 1.0,300.0,0.0,HWP(NIR),45,8.0,-145.7340391786751,-146.0067634995728,-145.8702159943372,135.5297840056628,2,128.5,128.5,-0.71361470570593,0.70053840137443,-0.70053840137443,-0.71361470570593,-1.7333333333333e-06,1.7333333333333e-06,deg,deg,RA---TAN,DEC--TAN,69.6069375,29.386866666667,29.386866666667,0.0,master_dark_em300_00010ms_cam1.fits,median,119.0,125.0,88.5,23273.475513722256,0,0.0,0.0,0.0,0.0,0,0,0.0,0.0,32.9559629171619,0.0,0.0,0.0,0.0,0.0,0.0,0.0,0.0
VDATA20220128A_00000106_calib_collapsed.fits,True,-32,2,256,256,2022-01-28,HD29333,06:03:25.546,06:03:33.962,06:03:17.129,20:03:25.552,20:03:33.969,20:03:17.134,59607.2523725,59607.252465,59607.25228,VTMP00000106,0.01,ACQUISITION,NAOJ,Subaru,VAMPIRES,UTC,o21156,"""[Summit] Millar-Blancher, Zhang [Hilo] Guyon, Deo, Vievard, Ah""",Observation,IMAG_POL,ICRS,180.0,4:38:25.665,29:23:12.72,2000.0,NS_IR,-0.12,1.021,11.53894,32.31714,78.46106,Nasmyth-IR,OFF,IR,25.1,621.7,271.75,4.4,2.0,10000.0,801.0,0.0,100000.0,10000.0,0.0,2.0,2.0,4.0,1.0,/mnt/data/20220128/,HD29333_02_20220128_675-50_EmptySlot_0,4,300.0,152.0,165.0,675-50,EmptySlot,1.0,T,IN,146.97099,144.97098,+29:23:14,1.0,ADI,-39.0,163.025,04:38:26.0,SYNC,SCEXAO,348.72,35708928.0,MIRROR,152.63,15629312.0,OPEN,13.0,100.0,11.4,0.0,103.71725,+29:23:14.50,ADI,-3.755,-39.0,04:38:25.990,TRACK,0.0,ao188cmtx.oct,10.0,1.0,1.0,0.0,ON,0.0,0.01,0.0,ao188ttctrl.oct,0.001,0.0,2022-01-28T06:03:44,1,VMPA00016255,iXon Ultra 897 - VAMPIRES 2.0,300.0,0.0,HWP(NIR),45,8.0,-145.7340391786751,-146.0067634995728,-145.8702159943372,135.5297840056628,2,128.5,128.5,-0.71361470570593,0.70053840137443,-0.70053840137443,-0.71361470570593,-1.7333333333333e-06,1.7333333333333e-06,deg,deg,RA---TAN,DEC--TAN,69.6069375,29.386866666667,29.386866666667,0.0,master_dark_em300_00010ms_cam2.fits,median,120.0,126.0,138.0,42203.19467950599,0,0.0,0.0,0.0,0.0,0,0,0.0,0.0,44.37885012105084,0.0,0.0,0.0,0.0,0.0,0.0,0.0,0.0
VDATA20220128A_00000107_calib_collapsed.fits,True,-32,2,256,256,2022-01-28,HD29333,06:03:25.546,06:03:33.962,06:03:17.129,20:03:25.552,20:03:33.969,20:03:17.134,59607.2523725,59607.252465,59607.25228,VTMP00000107,0.01,ACQUISITION,NAOJ,Subaru,VAMPIRES,UTC,o21156,"""[Summit] Millar-Blancher, Zhang [Hilo] Guyon, Deo, Vievard, Ah""",Observation,IMAG_POL,ICRS,180.0,4:38:25.665,29:23:12.72,2000.0,NS_IR,-0.12,1.021,11.53894,32.31714,78.46106,Nasmyth-IR,OFF,IR,25.1,621.7,271.75,4.4,2.0,10000.0,801.0,0.0,100000.0,10000.0,0.0,2.0,2.0,4.0,1.0,/mnt/data/20220128/,HD29333_02_20220128_675-50_EmptySlot_0,4,300.0,152.0,165.0,675-50,EmptySlot,1.0,T,IN,146.97099,144.97098,+29:23:14,1.0,ADI,-39.0,163.025,04:38:26.0,SYNC,SCEXAO,348.72,35708928.0,MIRROR,152.63,15629312.0,OPEN,13.0,100.0,11.4,0.0,103.71725,+29:23:14.50,ADI,-3.755,-39.0,04:38:25.990,TRACK,0.0,ao188cmtx.oct,10.0,1.0,1.0,0.0,ON,0.0,0.01,0.0,ao188ttctrl.oct,0.001,0.0,2022-01-28T06:03:44,2,VMPA00016255,iXon Ultra 897 - VAMPIRES 2.0,300.0,0.0,HWP(NIR),45,8.0,-145.7340391786751,-146.0067634995728,-145.8702159943372,135.5297840056628,2,128.5,128.5,-0.71361470570593,0.70053840137443,-0.70053840137443,-0.71361470570593,-1.7333333333333e-06,1.7333333333333e-06,deg,deg,RA---TAN,DEC--TAN,69.6069375,29.386866666667,29.386866666667,0.0,master_dark_em300_00010ms_cam2.fits,median,121.0,124.0,130.0,38924.18129151389,0,0.0,0.0,0.0,0.0,0,0,0.0,0.0,42.619968592564696,0.0,0.0,0.0,0.0,0.0,0.0,0.0,0.0
VDATA20220128A_00000108_calib_collapsed.fits,True,-32,2,256,256,2022-01-28,HD29333,06:04:00.309,06:04:08.741,06:03:51.877,20:04:00.316,20:04:08.748,20:03:51.883,59607.252772,59607.25287,59607.252674,VTMP00000108,0.01,ACQUISITION,NAOJ,Subaru,VAMPIRES,UTC,o21156,"""[Summit] Millar-Blancher, Zhang [Hilo] Guyon, Deo, Vievard, Ah""",Observation,IMAG_POL,ICRS,180.0,4:38:25.665,29:23:12.73,2000.0,NS_IR,-0.12,1.02,11.46594,31.79379,78.53406,Nasmyth-IR,OFF,IR,25.4,621.7,271.65,4.4,1.0,10000.0,801.0,0.0,100000.0,10000.0,45.0,2.0,2.0,4.0,2.0,/mnt/data/20220128/,HD29333_02_20220128_675-50_EmptySlot_0,5,300.0,152.0,165.0,675-50,EmptySlot,1.0,T,IN,146.93298,144.93297,+29:23:14,1.0,ADI,-39.0,163.025,04:38:26.0,SYNC,SCEXAO,348.72,35708928.0,MIRROR,152.63,15629312.0,OPEN,13.0,100.0,11.4,0.0,103.7516,+29:23:14.50,ADI,-4.34,-39.0,04:38:25.990,TRACK,0.0,ao188cmtx.oct,10.0,1.0,1.0,0.0,ON,0.0,0.01,0.0,ao188ttctrl.oct,0.001,0.0,2022-01-28T06:04:13,1,VMPA00016257,iXon Ultra 897 - VAMPIRES 1.0,300.0,45.0,HWP(NIR),45,8.0,-146.3166612750851,-146.6089994630054,-146.4626216745569,134.9373783254431,2,128.5,128.5,-0.7063335235328,0.70787919416645,-0.70787919416645,-0.7063335235328,-1.7333333333333e-06,1.7333333333333e-06,deg,deg,RA---TAN,DEC--TAN,69.6069375,29.386869444444,29.386869444444,0.0,master_dark_em300_00010ms_cam1.fits,median,119.0,126.0,709.5,113696.70023145224,"(0.0857030455200537, 0.0)",0.0431558863565984,-0.207331868164934,0.0,0.0,0,0,0.0,0.0,72.84123702014932,0.0002928728324397,0.0002988232509351,545075.5253447772,159.48936315915623,23523.21742754239,159.48936315915623,0.0,0.0
VDATA20220128A_00000109_calib_collapsed.fits,True,-32,2,256,256,2022-01-28,HD29333,06:04:00.309,06:04:08.741,06:03:51.877,20:04:00.316,20:04:08.748,20:03:51.883,59607.252772,59607.25287,59607.252674,VTMP00000109,0.01,ACQUISITION,NAOJ,Subaru,VAMPIRES,UTC,o21156,"""[Summit] Millar-Blancher, Zhang [Hilo] Guyon, Deo, Vievard, Ah""",Observation,IMAG_POL,ICRS,180.0,4:38:25.665,29:23:12.73,2000.0,NS_IR,-0.12,1.02,11.46594,31.79379,78.53406,Nasmyth-IR,OFF,IR,25.4,621.7,271.65,4.4,1.0,10000.0,801.0,0.0,100000.0,10000.0,45.0,2.0,2.0,4.0,2.0,/mnt/data/20220128/,HD29333_02_20220128_675-50_EmptySlot_0,5,300.0,152.0,165.0,675-50,EmptySlot,1.0,T,IN,146.93298,144.93297,+29:23:14,1.0,ADI,-39.0,163.025,04:38:26.0,SYNC,SCEXAO,348.72,35708928.0,MIRROR,152.63,15629312.0,OPEN,13.0,100.0,11.4,0.0,103.7516,+29:23:14.50,ADI,-4.34,-39.0,04:38:25.990,TRACK,0.0,ao188cmtx.oct,10.0,1.0,1.0,0.0,ON,0.0,0.01,0.0,ao188ttctrl.oct,0.001,0.0,2022-01-28T06:04:13,2,VMPA00016257,iXon Ultra 897 - VAMPIRES 1.0,300.0,45.0,HWP(NIR),45,8.0,-146.3166612750851,-146.6089994630054,-146.4626216745569,134.9373783254431,2,128.5,128.5,-0.7063335235328,0.70787919416645,-0.70787919416645,-0.7063335235328,-1.7333333333333e-06,1.7333333333333e-06,deg,deg,RA---TAN,DEC--TAN,69.6069375,29.386869444444,29.386869444444,0.0,master_dark_em300_00010ms_cam1.fits,median,119.0,127.0,660.5,102335.29896057856,0,0.0,0.0,0.0,0.0,0,0,0.0,0.0,69.10605701441293,0.0,0.0,0.0,0.0,0.0,0.0,0.0,0.0
VDATA20220128A_00000110_calib_collapsed.fits,True,-32,2,256,256,2022-01-28,HD29333,06:04:00.309,06:04:08.741,06:03:51.877,20:04:00.316,20:04:08.748,20:03:51.883,59607.252772,59607.25287,59607.252674,VTMP00000110,0.01,ACQUISITION,NAOJ,Subaru,VAMPIRES,UTC,o21156,"""[Summit] Millar-Blancher, Zhang [Hilo] Guyon, Deo, Vievard, Ah""",Observation,IMAG_POL,ICRS,180.0,4:38:25.665,29:23:12.73,2000.0,NS_IR,-0.12,1.02,11.46594,31.79379,78.53406,Nasmyth-IR,OFF,IR,25.4,621.7,271.65,4.4,2.0,10000.0,801.0,0.0,100000.0,10000.0,45.0,2.0,2.0,4.0,2.0,/mnt/data/20220128/,HD29333_02_20220128_675-50_EmptySlot_0,5,300.0,152.0,165.0,675-50,EmptySlot,1.0,T,IN,146.93298,144.93297,+29:23:14,1.0,ADI,-39.0,163.025,04:38:26.0,SYNC,SCEXAO,348.72,35708928.0,MIRROR,152.63,15629312.0,OPEN,13.0,100.0,11.4,0.0,103.7516,+29:23:14.50,ADI,-4.34,-39.0,04:38:25.990,TRACK,0.0,ao188cmtx.oct,10.0,1.0,1.0,0.0,ON,0.0,0.01,0.0,ao188ttctrl.oct,0.001,0.0,2022-01-28T06:04:17,1,VMPA00016257,iXon Ultra 897 - VAMPIRES 2.0,300.0,45.0,HWP(NIR),45,8.0,-146.3166612750851,-146.6089994630054,-146.4626216745569,134.9373783254431,2,128.5,128.5,-0.7063335235328,0.70787919416645,-0.70787919416645,-0.7063335235328,-1.7333333333333e-06,1.7333333333333e-06,deg,deg,RA---TAN,DEC--TAN,69.6069375,29.386869444444,29.386869444444,0.0,master_dark_em300_00010ms_cam2.fits,median,120.0,126.0,920.5,158440.8549980388,0,0.0,0.0,0.0,0.0,0,0,0.0,0.0,85.98782672288351,0.0,0.0,0.0,0.0,0.0,0.0,0.0,0.0
VDATA20220128A_00000111_calib_collapsed.fits,True,-32,2,256,256,2022-01-28,HD29333,06:04:00.309,06:04:08.741,06:03:51.877,20:04:00.316,20:04:08.748,20:03:51.883,59607.252772,59607.25287,59607.252674,VTMP00000111,0.01,ACQUISITION,NAOJ,Subaru,VAMPIRES,UTC,o21156,"""[Summit] Millar-Blancher, Zhang [Hilo] Guyon, Deo, Vievard, Ah""",Observation,IMAG_POL,ICRS,180.0,4:38:25.665,29:23:12.73,2000.0,NS_IR,-0.12,1.02,11.46594,31.79379,78.53406,Nasmyth-IR,OFF,IR,25.4,621.7,271.65,4.4,2.0,10000.0,801.0,0.0,100000.0,10000.0,45.0,2.0,2.0,4.0,2.0,/mnt/data/20220128/,HD29333_02_20220128_675-50_EmptySlot_0,5,300.0,152.0,165.0,675-50,EmptySlot,1.0,T,IN,146.93298,144.93297,+29:23:14,1.0,ADI,-39.0,163.025,04:38:26.0,SYNC,SCEXAO,348.72,35708928.0,MIRROR,152.63,15629312.0,OPEN,13.0,100.0,11.4,0.0,103.7516,+29:23:14.50,ADI,-4.34,-39.0,04:38:25.990,TRACK,0.0,ao188cmtx.oct,10.0,1.0,1.0,0.0,ON,0.0,0.01,0.0,ao188ttctrl.oct,0.001,0.0,2022-01-28T06:04:17,2,VMPA00016257,iXon Ultra 897 - VAMPIRES 2.0,300.0,45.0,HWP(NIR),45,8.0,-146.3166612750851,-146.6089994630054,-146.4626216745569,134.9373783254431,2,128.5,128.5,-0.7063335235328,0.70787919416645,-0.70787919416645,-0.7063335235328,-1.7333333333333e-06,1.7333333333333e-06,deg,deg,RA---TAN,DEC--TAN,69.6069375,29.386869444444,29.386869444444,0.0,master_dark_em300_00010ms_cam2.fits,median,120.0,126.0,1068.0,170602.6711547075,0,0.0,0.0,0.0,0.0,0,0,0.0,0.0,89.22700090042093,0.0,0.0,0.0,0.0,0.0,0.0,0.0,0.0
VDATA20220128A_00000112_calib_collapsed.fits,True,-32,2,256,256,2022-01-28,HD29333,06:04:34.176,06:04:42.615,06:04:25.736,20:04:34.183,20:04:42.623,20:04:25.743,59607.2531655,59607.253264,59607.253067,VTMP00000112,0.01,ACQUISITION,NAOJ,Subaru,VAMPIRES,UTC,o21156,"""[Summit] Millar-Blancher, Zhang [Hilo] Guyon, Deo, Vievard, Ah""",Observation,IMAG_POL,ICRS,180.0,4:38:25.668,29:23:12.74,2000.0,NS_IR,-0.12,1.02,11.39727,31.28787,78.60273,Nasmyth-IR,OFF,IR,25.4,621.7,271.65,4.4,1.0,10000.0,801.0,0.0,100000.0,10000.0,22.5,2.0,2.0,4.0,3.0,/mnt/data/20220128/,HD29333_02_20220128_675-50_EmptySlot_0,6,300.0,152.0,165.0,675-50,EmptySlot,1.0,T,IN,146.89497,144.89496,+29:23:14,1.0,ADI,-39.0,163.025,04:38:26.0,SYNC,SCEXAO,348.72,35708928.0,MIRROR,152.63,15629312.0,OPEN,13.0,100.0,11.4,0.0,103.78894,+29:23:14.50,ADI,-4.915,-39.0,04:38:25.990,TRACK,0.0,ao188cmtx.oct,10.0,1.0,1.0,0.0,ON,0.0,0.01,0.0,ao188ttctrl.oct,0.001,0.0,2022-01-28T06:04:47,1,VMPA00016261,iXon Ultra 897 - VAMPIRES 1.0,300.0,22.5,HWP(NIR),45,8.0,-146.9044681855653,-147.2016707830486,-147.0528581500212,134.3471418499788,2,128.5,128.5,-0.69900390698584,0.71511784904205,-0.71511784904205,-0.69900390698584,-1.7333333333333e-06,1.7333333333333e-06,deg,deg,RA---TAN,DEC--TAN,69.60695,29.386872222222,29.386872222222,0.0,master_dark_em300_00010ms_cam1.fits,median,115.0,126.0,51.0,16162.950626990676,"(0.07805496622916736, 0.0)",0.0392959274983036,-0.3262225575343261,0.0,0.0,0,0,0.0,0.0,27.463994603584343,0.0007175703219595,0.0007542054227567,90771.17030028164,65.08446654329019,3566.9373270560445,65.08446654329019,0.0,0.0
VDATA20220128A_00000113_calib_collapsed.fits,True,-32,2,256,256,2022-01-28,HD29333,06:04:34.176,06:04:42.615,06:04:25.736,20:04:34.183,20:04:42.623,20:04:25.743,59607.2531655,59607.253264,59607.253067,VTMP00000113,0.01,ACQUISITION,NAOJ,Subaru,VAMPIRES,UTC,o21156,"""[Summit] Millar-Blancher, Zhang [Hilo] Guyon, Deo, Vievard, Ah""",Observation,IMAG_POL,ICRS,180.0,4:38:25.668,29:23:12.74,2000.0,NS_IR,-0.12,1.02,11.39727,31.28787,78.60273,Nasmyth-IR,OFF,IR,25.4,621.7,271.65,4.4,1.0,10000.0,801.0,0.0,100000.0,10000.0,22.5,2.0,2.0,4.0,3.0,/mnt/data/20220128/,HD29333_02_20220128_675-50_EmptySlot_0,6,300.0,152.0,165.0,675-50,EmptySlot,1.0,T,IN,146.89497,144.89496,+29:23:14,1.0,ADI,-39.0,163.025,04:38:26.0,SYNC,SCEXAO,348.72,35708928.0,MIRROR,152.63,15629312.0,OPEN,13.0,100.0,11.4,0.0,103.78894,+29:23:14.50,ADI,-4.915,-39.0,04:38:25.990,TRACK,0.0,ao188cmtx.oct,10.0,1.0,1.0,0.0,ON,0.0,0.01,0.0,ao188ttctrl.oct,0.001,0.0,2022-01-28T06:04:47,2,VMPA00016261,iXon Ultra 897 - VAMPIRES 1.0,300.0,22.5,HWP(NIR),45,8.0,-146.9044681855653,-147.2016707830486,-147.0528581500212,134.3471418499788,2,128.5,128.5,-0.69900390698584,0.71511784904205,-0.71511784904205,-0.69900390698584,-1.7333333333333e-06,1.7333333333333e-06,deg,deg,RA---TAN,DEC--TAN,69.60695,29.386872222222,29.386872222222,0.0,master_dark_em300_00010ms_cam1.fits,median,119.0,126.0,44.5,14416.832860279272,0,0.0,0.0,0.0,0.0,0,0,0.0,0.0,25.9381092167858,0.0,0.0,0.0,0.0,0.0,0.0,0.0,0.0
VDATA20220128A_00000114_calib_collapsed.fits,True,-32,2,256,256,2022-01-28,HD29333,06:04:34.176,06:04:42.615,06:04:25.736,20:04:34.183,20:04:42.623,20:04:25.743,59607.2531655,59607.253264,59607.253067,VTMP00000114,0.01,ACQUISITION,NAOJ,Subaru,VAMPIRES,UTC,o21156,"""[Summit] Millar-Blancher, Zhang [Hilo] Guyon, Deo, Vievard, Ah""",Observation,IMAG_POL,ICRS,180.0,4:38:25.668,29:23:12.74,2000.0,NS_IR,-0.12,1.02,11.39727,31.28787,78.60273,Nasmyth-IR,OFF,IR,25.4,621.7,271.65,4.4,2.0,10000.0,801.0,0.0,100000.0,10000.0,22.5,2.0,2.0,4.0,3.0,/mnt/data/20220128/,HD29333_02_20220128_675-50_EmptySlot_0,6,300.0,152.0,165.0,675-50,EmptySlot,1.0,T,IN,146.89497,144.89496,+29:23:14,1.0,ADI,-39.0,163.025,04:38:26.0,SYNC,SCEXAO,348.72,35708928.0,MIRROR,152.63,15629312.0,OPEN,13.0,100.0,11.4,0.0,103.78894,+29:23:14.50,ADI,-4.915,-39.0,04:38:25.990,TRACK,0.0,ao188cmtx.oct,10.0,1.0,1.0,0.0,ON,0.0,0.01,0.0,ao188ttctrl.oct,0.001,0.0,2022-01-28T06:04:51,1,VMPA00016263,iXon Ultra 897 - VAMPIRES 2.0,300.0,22.5,HWP(NIR),45,8.0,-146.9044681855653,-147.2016707830486,-147.0528581500212,134.3471418499788,2,128.5,128.5,-0.69900390698584,0.71511784904205,-0.71511784904205,-0.69900390698584,-1.7333333333333e-06,1.7333333333333e-06,deg,deg,RA---TAN,DEC--TAN,69.60695,29.386872222222,29.386872222222,0.0,master_dark_em300_00010ms_cam2.fits,median,123.0,125.0,74.5,29185.28362633353,0,0.0,0.0,0.0,0.0,0,0,0.0,0.0,36.90501126879639,0.0,0.0,0.0,0.0,0.0,0.0,0.0,0.0
VDATA20220128A_00000115_calib_collapsed.fits,True,-32,2,256,256,2022-01-28,HD29333,06:04:34.176,06:04:42.615,06:04:25.736,20:04:34.183,20:04:42.623,20:04:25.743,59607.2531655,59607.253264,59607.253067,VTMP00000115,0.01,ACQUISITION,NAOJ,Subaru,VAMPIRES,UTC,o21156,"""[Summit] Millar-Blancher, Zhang [Hilo] Guyon, Deo, Vievard, Ah""",Observation,IMAG_POL,ICRS,180.0,4:38:25.668,29:23:12.74,2000.0,NS_IR,-0.12,1.02,11.39727,31.28787,78.60273,Nasmyth-IR,OFF,IR,25.4,621.7,271.65,4.4,2.0,10000.0,801.0,0.0,100000.0,10000.0,22.5,2.0,2.0,4.0,3.0,/mnt/data/20220128/,HD29333_02_20220128_675-50_EmptySlot_0,6,300.0,152.0,165.0,675-50,EmptySlot,1.0,T,IN,146.89497,144.89496,+29:23:14,1.0,ADI,-39.0,163.025,04:38:26.0,SYNC,SCEXAO,348.72,35708928.0,MIRROR,152.63,15629312.0,OPEN,13.0,100.0,11.4,0.0,103.78894,+29:23:14.50,ADI,-4.915,-39.0,04:38:25.990,TRACK,0.0,ao188cmtx.oct,10.0,1.0,1.0,0.0,ON,0.0,0.01,0.0,ao188ttctrl.oct,0.001,0.0,2022-01-28T06:04:51,2,VMPA00016263,iXon Ultra 897 - VAMPIRES 2.0,300.0,22.5,HWP(NIR),45,8.0,-146.9044681855653,-147.2016707830486,-147.0528581500212,134.3471418499788,2,128.5,128.5,-0.69900390698584,0.71511784904205,-0.71511784904205,-0.69900390698584,-1.7333333333333e-06,1.7333333333333e-06,deg,deg,RA---TAN,DEC--TAN,69.60695,29.386872222222,29.386872222222,0.0,master_dark_em300_00010ms_cam2.fits,median,119.0,127.0,90.5,31006.10318667817,0,0.0,0.0,0.0,0.0,0,0,0.0,0.0,38.03881463909007,0.0,0.0,0.0,0.0,0.0,0.0,0.0,0.0
VDATA20220128A_00000116_calib_collapsed.fits,True,-32,2,256,256,2022-01-28,HD29333,06:05:10.781,06:05:19.220,06:05:02.342,20:05:10.787,20:05:19.226,20:05:02.349,59607.2535935,59607.253692,59607.253495,VTMP00000116,0.01,ACQUISITION,NAOJ,Subaru,VAMPIRES,UTC,o21156,"""[Summit] Millar-Blancher, Zhang [Hilo] Guyon, Deo, Vievard, Ah""",Observation,IMAG_POL,ICRS,180.0,4:38:25.668,29:23:12.76,2000.0,NS_IR,-0.12,1.02,11.32277,30.72295,78.67723,Nasmyth-IR,OFF,IR,24.7,621.7,271.65,4.4,1.0,10000.0,801.0,0.0,100000.0,10000.0,67.5,2.0,2.0,4.0,4.0,/mnt/data/20220128/,HD29333_02_20220128_675-50_EmptySlot_0,7,300.0,152.0,165.0,675-50,EmptySlot,1.0,T,IN,146.85602,144.85601,+29:23:14,1.0,ADI,-39.0,163.025,04:38:26.0,SYNC,SCEXAO,348.72,35708928.0,MIRROR,152.63,15629312.0,OPEN,13.0,100.0,11.4,0.0,103.82488,+29:23:14.50,ADI,-5.531,-39.0,04:38:25.990,TRACK,0.0,ao188cmtx.oct,10.0,1.0,1.0,0.0,ON,0.0,0.01,0.0,ao188ttctrl.oct,0.001,0.0,2022-01-28T06:05:23,1,VMPA00016265,iXon Ultra 897 - VAMPIRES 1.0,300.0,67.5,HWP(NIR),45,8.0,-147.5523370122087,-147.8532161928442,-147.7025648924206,133.6974351075795,2,128.5,128.5,-0.69085004616916,0.72299807310122,-0.72299807310122,-0.69085004616916,-1.7333333333333e-06,1.7333333333333e-06,deg,deg,RA---TAN,DEC--TAN,69.60695,29.386877777778,29.386877777778,0.0,master_dark_em300_00010ms_cam1.fits,median,118.0,127.0,854.5,129131.62676613458,"(-0.03910927676379081, 0.0)",-0.0218302623274893,-0.2083362491711036,0.0,0.0,0,0,0.0,0.0,77.62823174042337,0.0002656570910329,0.0002712965061452,661562.4659947662,175.70689776904806,-14442.082178686513,175.70689776904806,0.0,0.0
VDATA20220128A_00000117_calib_collapsed.fits,True,-32,2,256,256,2022-01-28,HD29333,06:05:10.781,06:05:19.220,06:05:02.342,20:05:10.787,20:05:19.226,20:05:02.349,59607.2535935,59607.253692,59607.253495,VTMP00000117,0.01,ACQUISITION,NAOJ,Subaru,VAMPIRES,UTC,o21156,"""[Summit] Millar-Blancher, Zhang [Hilo] Guyon, Deo, Vievard, Ah""",Observation,IMAG_POL,ICRS,180.0,4:38:25.668,29:23:12.76,2000.0,NS_IR,-0.12,1.02,11.32277,30.72295,78.67723,Nasmyth-IR,OFF,IR,24.7,621.7,271.65,4.4,1.0,10000.0,801.0,0.0,100000.0,10000.0,67.5,2.0,2.0,4.0,4.0,/mnt/data/20220128/,HD29333_02_20220128_675-50_EmptySlot_0,7,300.0,152.0,165.0,675-50,EmptySlot,1.0,T,IN,146.85602,144.85601,+29:23:14,1.0,ADI,-39.0,163.025,04:38:26.0,SYNC,SCEXAO,348.72,35708928.0,MIRROR,152.63,15629312.0,OPEN,13.0,100.0,11.4,0.0,103.82488,+29:23:14.50,ADI,-5.531,-39.0,04:38:25.990,TRACK,0.0,ao188cmtx.oct,10.0,1.0,1.0,0.0,ON,0.0,0.01,0.0,ao188ttctrl.oct,0.001,0.0,2022-01-28T06:05:23,2,VMPA00016265,iXon Ultra 897 - VAMPIRES 1.0,300.0,67.5,HWP(NIR),45,8.0,-147.5523370122087,-147.8532161928442,-147.7025648924206,133.6974351075795,2,128.5,128.5,-0.69085004616916,0.72299807310122,-0.72299807310122,-0.69085004616916,-1.7333333333333e-06,1.7333333333333e-06,deg,deg,RA---TAN,DEC--TAN,69.60695,29.386877777778,29.386877777778,0.0,master_dark_em300_00010ms_cam1.fits,median,118.0,128.0,855.0,132735.88485238084,0,0.0,0.0,0.0,0.0,0,0,0.0,0.0,78.70413602986326,0.0,0.0,0.0,0.0,0.0,0.0,0.0,0.0
VDATA20220128A_00000118_calib_collapsed.fits,True,-32,2,256,256,2022-01-28,HD29333,06:05:10.781,06:05:19.220,06:05:02.342,20:05:10.787,20:05:19.226,20:05:02.349,59607.2535935,59607.253692,59607.253495,VTMP00000118,0.01,ACQUISITION,NAOJ,Subaru,VAMPIRES,UTC,o21156,"""[Summit] Millar-Blancher, Zhang [Hilo] Guyon, Deo, Vievard, Ah""",Observation,IMAG_POL,ICRS,180.0,4:38:25.668,29:23:12.76,2000.0,NS_IR,-0.12,1.02,11.32277,30.72295,78.67723,Nasmyth-IR,OFF,IR,24.7,621.7,271.65,4.4,2.0,10000.0,801.0,0.0,100000.0,10000.0,67.5,2.0,2.0,4.0,4.0,/mnt/data/20220128/,HD29333_02_20220128_675-50_EmptySlot_0,7,300.0,152.0,165.0,675-50,EmptySlot,1.0,T,IN,146.85602,144.85601,+29:23:14,1.0,ADI,-39.0,163.025,04:38:26.0,SYNC,SCEXAO,348.72,35708928.0,MIRROR,152.63,15629312.0,OPEN,13.0,100.0,11.4,0.0,103.82488,+29:23:14.50,ADI,-5.531,-39.0,04:38:25.990,TRACK,0.0,ao188cmtx.oct,10.0,1.0,1.0,0.0,ON,0.0,0.01,0.0,ao188ttctrl.oct,0.001,0.0,2022-01-28T06:05:27,1,VMPA00016267,iXon Ultra 897 - VAMPIRES 2.0,300.0,67.5,HWP(NIR),45,8.0,-147.5523370122087,-147.8532161928442,-147.7025648924206,133.6974351075795,2,128.5,128.5,-0.69085004616916,0.72299807310122,-0.72299807310122,-0.69085004616916,-1.7333333333333e-06,1.7333333333333e-06,deg,deg,RA---TAN,DEC--TAN,69.60695,29.386877777778,29.386877777778,0.0,master_dark_em300_00010ms_cam2.fits,median,120.0,127.0,1339.5,205266.38923434552,0,0.0,0.0,0.0,0.0,0,0,0.0,0.0,97.87286546572156,0.0,0.0,0.0,0.0,0.0,0.0,0.0,0.0
VDATA20220128A_00000119_calib_collapsed.fits,True,-32,2,256,256,2022-01-28,HD29333,06:05:10.781,06:05:19.220,06:05:02.342,20:05:10.787,20:05:19.226,20:05:02.349,59607.2535935,59607.253692,59607.253495,VTMP00000119,0.01,ACQUISITION,NAOJ,Subaru,VAMPIRES,UTC,o21156,"""[Summit] Millar-Blancher, Zhang [Hilo] Guyon, Deo, Vievard, Ah""",Observation,IMAG_POL,ICRS,180.0,4:38:25.668,29:23:12.76,2000.0,NS_IR,-0.12,1.02,11.32277,30.72295,78.67723,Nasmyth-IR,OFF,IR,24.7,621.7,271.65,4.4,2.0,10000.0,801.0,0.0,100000.0,10000.0,67.5,2.0,2.0,4.0,4.0,/mnt/data/20220128/,HD29333_02_20220128_675-50_EmptySlot_0,7,300.0,152.0,165.0,675-50,EmptySlot,1.0,T,IN,146.85602,144.85601,+29:23:14,1.0,ADI,-39.0,163.025,04:38:26.0,SYNC,SCEXAO,348.72,35708928.0,MIRROR,152.63,15629312.0,OPEN,13.0,100.0,11.4,0.0,103.82488,+29:23:14.50,ADI,-5.531,-39.0,04:38:25.990,TRACK,0.0,ao188cmtx.oct,10.0,1.0,1.0,0.0,ON,0.0,0.01,0.0,ao188ttctrl.oct,0.001,0.0,2022-01-28T06:05:27,2,VMPA00016267,iXon Ultra 897 - VAMPIRES 2.0,300.0,67.5,HWP(NIR),45,8.0,-147.5523370122087,-147.8532161928442,-147.7025648924206,133.6974351075795,2,128.5,128.5,-0.69085004616916,0.72299807310122,-0.72299807310122,-0.69085004616916,-1.7333333333333e-06,1.7333333333333e-06,deg,deg,RA---TAN,DEC--TAN,69.60695,29.386877777778,29.386877777778,0.0,master_dark_em300_00010ms_cam2.fits,median,120.0,126.0,1198.5,194428.56514190527,0,0.0,0.0,-0.0394486345174544,0.030563094912896452,0,0,0.0499028810385373,71.1165124683046,95.25404315722967,0.0,0.0,0.0,0.0,0.0,0.0,0.00033739585292033765,0.0003825836042530845
VDATA20220128A_00000856_calib_collapsed.fits,True,-32,2,256,256,2022-01-28,HD29333,10:19:02.575,10:19:10.508,10:18:54.642,00:19:02.581,00:19:10.516,00:18:54.647,59607.4298845,59607.429977,59607.429792,VTMP00000856,0.01,ACQUISITION,NAOJ,Subaru,VAMPIRES,UTC,o21156,"""[Summit] Millar-Blancher, Zhang [Hilo] Guyon, Deo, Vievard, Ah""",Observation,IMAG_POL,ICRS,180.0,4:38:24.934,29:23:17.68,2000.0,NS_IR,-0.12,1.63,52.2237,292.42199,37.7763,Nasmyth-IR,OFF,IR,26.6,621.7,271.05,5.7,1.0,10000.0,750.0,0.0,100000.0,10000.0,0.0,2.0,1.0,4.0,1.0,/mnt/data/20220128/,HD29333_03_20220128_675-50_EmptySlot_0,0,300.0,152.0,165.0,675-50,EmptySlot,1.0,T,IN,182.09503,180.09483,+29:23:14,1.0,ADI,-39.0,163.025,04:38:26.0,SYNC,SCEXAO,348.72,35708928.0,MIRROR,152.63,15629312.0,OPEN,13.0,100.0,10.6,0.0,83.40678,+29:23:14.50,ADI,-132.167,-39.0,04:38:25.990,TRACK,0.0,ao188cmtx.oct,10.0,1.0,1.0,0.0,ON,0.0,0.01,0.0,ao188ttctrl.oct,0.001,0.0,2022-01-28T10:19:15,1,VMPA00017001,iXon Ultra 897 - VAMPIRES 1.0,300.0,0.0,HWP(NIR),45,7.49,86.66246113065849,86.63230045423781,86.64737854473158,8.047378544731586,2,128.5,128.5,0.99015264633893,0.13999191743818,-0.13999191743818,0.99015264633893,-1.7333333333333e-06,1.7333333333333e-06,deg,deg,RA---TAN,DEC--TAN,69.603891666667,29.388244444444,29.388244444444,0.0,master_dark_em300_00010ms_cam1.fits,median,128.0,123.0,1962.0,265714.3665373007,"(0.0361626364928887, 0.0)",0.0167106868616891,-0.2135151178410526,0.0,0.0,0,0,0.0,0.0,111.35530241918492,0.0001885666208914,0.0001927900566745,1312799.4535594245,247.515600276824,21937.78058062817,247.51560027682396,0.0,0.0
VDATA20220128A_00000857_calib_collapsed.fits,True,-32,2,256,256,2022-01-28,HD29333,10:19:02.575,10:19:10.508,10:18:54.642,00:19:02.581,00:19:10.516,00:18:54.647,59607.4298845,59607.429977,59607.429792,VTMP00000857,0.01,ACQUISITION,NAOJ,Subaru,VAMPIRES,UTC,o21156,"""[Summit] Millar-Blancher, Zhang [Hilo] Guyon, Deo, Vievard, Ah""",Observation,IMAG_POL,ICRS,180.0,4:38:24.934,29:23:17.68,2000.0,NS_IR,-0.12,1.63,52.2237,292.42199,37.7763,Nasmyth-IR,OFF,IR,26.6,621.7,271.05,5.7,1.0,10000.0,750.0,0.0,100000.0,10000.0,0.0,2.0,1.0,4.0,1.0,/mnt/data/20220128/,HD29333_03_20220128_675-50_EmptySlot_0,0,300.0,152.0,165.0,675-50,EmptySlot,1.0,T,IN,182.09503,180.09483,+29:23:14,1.0,ADI,-39.0,163.025,04:38:26.0,SYNC,SCEXAO,348.72,35708928.0,MIRROR,152.63,15629312.0,OPEN,13.0,100.0,10.6,0.0,83.40678,+29:23:14.50,ADI,-132.167,-39.0,04:38:25.990,TRACK,0.0,ao188cmtx.oct,10.0,1.0,1.0,0.0,ON,0.0,0.01,0.0,ao188ttctrl.oct,0.001,0.0,2022-01-28T10:19:15,2,VMPA00017001,iXon Ultra 897 - VAMPIRES 1.0,300.0,0.0,HWP(NIR),45,7.49,86.66246113065849,86.63230045423781,86.64737854473158,8.047378544731586,2,128.5,128.5,0.99015264633893,0.13999191743818,-0.13999191743818,0.99015264633893,-1.7333333333333e-06,1.7333333333333e-06,deg,deg,RA---TAN,DEC--TAN,69.603891666667,29.388244444444,29.388244444444,0.0,master_dark_em300_00010ms_cam1.fits,median,128.0,124.0,1828.0,250534.0952282064,0,0.0,0.0,0.0,0.0,0,0,0.0,0.0,108.12765938800204,0.0,0.0,0.0,0.0,0.0,0.0,0.0,0.0
VDATA20220128A_00000858_calib_collapsed.fits,True,-32,2,256,256,2022-01-28,HD29333,10:19:02.575,10:19:10.508,10:18:54.642,00:19:02.581,00:19:10.516,00:18:54.647,59607.4298845,59607.429977,59607.429792,VTMP00000858,0.01,ACQUISITION,NAOJ,Subaru,VAMPIRES,UTC,o21156,"""[Summit] Millar-Blancher, Zhang [Hilo] Guyon, Deo, Vievard, Ah""",Observation,IMAG_POL,ICRS,180.0,4:38:24.934,29:23:17.68,2000.0,NS_IR,-0.12,1.63,52.2237,292.42199,37.7763,Nasmyth-IR,OFF,IR,26.6,621.7,271.05,5.7,2.0,10000.0,750.0,0.0,100000.0,10000.0,0.0,2.0,1.0,4.0,1.0,/mnt/data/20220128/,HD29333_03_20220128_675-50_EmptySlot_0,0,300.0,152.0,165.0,675-50,EmptySlot,1.0,T,IN,182.09503,180.09483,+29:23:14,1.0,ADI,-39.0,163.025,04:38:26.0,SYNC,SCEXAO,348.72,35708928.0,MIRROR,152.63,15629312.0,OPEN,13.0,100.0,10.6,0.0,83.40678,+29:23:14.50,ADI,-132.167,-39.0,04:38:25.990,TRACK,0.0,ao188cmtx.oct,10.0,1.0,1.0,0.0,ON,0.0,0.01,0.0,ao188ttctrl.oct,0.001,0.0,2022-01-28T10:19:19,1,VMPA00017003,iXon Ultra 897 - VAMPIRES 2.0,300.0,0.0,HWP(NIR),45,7.49,86.66246113065849,86.63230045423781,86.64737854473158,8.047378544731586,2,128.5,128.5,0.99015264633893,0.13999191743818,-0.13999191743818,0.99015264633893,-1.7333333333333e-06,1.7333333333333e-06,deg,deg,RA---TAN,DEC--TAN,69.603891666667,29.388244444444,29.388244444444,0.0,master_dark_em300_00010ms_cam2.fits,median,130.0,123.0,2957.0,394896.7412611916,0,0.0,0.0,0.0,0.0,0,0,0.0,0.0,135.75166276576877,0.0,0.0,0.0,0.0,0.0,0.0,0.0,0.0
VDATA20220128A_00000859_calib_collapsed.fits,True,-32,2,256,256,2022-01-28,HD29333,10:19:02.575,10:19:10.508,10:18:54.642,00:19:02.581,00:19:10.516,00:18:54.647,59607.4298845,59607.429977,59607.429792,VTMP00000859,0.01,ACQUISITION,NAOJ,Subaru,VAMPIRES,UTC,o21156,"""[Summit] Millar-Blancher, Zhang [Hilo] Guyon, Deo, Vievard, Ah""",Observation,IMAG_POL,ICRS,180.0,4:38:24.934,29:23:17.68,2000.0,NS_IR,-0.12,1.63,52.2237,292.42199,37.7763,Nasmyth-IR,OFF,IR,26.6,621.7,271.05,5.7,2.0,10000.0,750.0,0.0,100000.0,10000.0,0.0,2.0,1.0,4.0,1.0,/mnt/data/20220128/,HD29333_03_20220128_675-50_EmptySlot_0,0,300.0,152.0,165.0,675-50,EmptySlot,1.0,T,IN,182.09503,180.09483,+29:23:14,1.0,ADI,-39.0,163.025,04:38:26.0,SYNC,SCEXAO,348.72,35708928.0,MIRROR,152.63,15629312.0,OPEN,13.0,100.0,10.6,0.0,83.40678,+29:23:14.50,ADI,-132.167,-39.0,04:38:25.990,TRACK,0.0,ao188cmtx.oct,10.0,1.0,1.0,0.0,ON,0.0,0.01,0.0,ao188ttctrl.oct,0.001,0.0,2022-01-28T10:19:19,2,VMPA00017003,iXon Ultra 897 - VAMPIRES 2.0,300.0,0.0,HWP(NIR),45,7.49,86.66246113065849,86.63230045423781,86.64737854473158,8.047378544731586,2,128.5,128.5,0.99015264633893,0.13999191743818,-0.13999191743818,0.99015264633893,-1.7333333333333e-06,1.7333333333333e-06,deg,deg,RA---TAN,DEC--TAN,69.603891666667,29.388244444444,29.388244444444,0.0,master_dark_em300_00010ms_cam2.fits,median,129.0,123.0,2913.0,401654.2505327255,0,0.0,0.0,0.0,0.0,0,0,0.0,0.0,136.9082332627573,0.0,0.0,0.0,0.0,0.0,0.0,0.0,0.0
VDATA20220128A_00000860_calib_collapsed.fits,True,-32,2,256,256,2022-01-28,HD29333,10:20:56.889,10:21:04.813,10:20:48.965,00:20:56.897,00:21:04.821,00:20:48.973,59607.4312035,59607.431296,59607.431111,VTMP00000860,0.01,ACQUISITION,NAOJ,Subaru,VAMPIRES,UTC,o21156,"""[Summit] Millar-Blancher, Zhang [Hilo] Guyon, Deo, Vievard, Ah""",Observation,IMAG_POL,ICRS,180.0,4:38:24.928,29:23:17.91,2000.0,NS_IR,-0.12,1.645,52.63931,292.4522,37.36069,Nasmyth-IR,OFF,IR,26.7,621.7,271.05,5.6,1.0,10000.0,750.0,0.0,100000.0,10000.0,45.0,2.0,1.0,4.0,2.0,/mnt/data/20220128/,HD29333_03_20220128_675-50_EmptySlot_0,1,300.0,152.0,165.0,675-50,EmptySlot,1.0,T,IN,182.85003,180.85002,+29:23:14,1.0,ADI,-39.0,163.025,04:38:26.0,SYNC,SCEXAO,348.72,35708928.0,MIRROR,152.63,15629312.0,OPEN,13.0,100.0,10.6,0.0,83.2045,+29:23:14.50,ADI,-132.384,-39.0,04:38:25.990,TRACK,0.0,ao188cmtx.oct,10.0,1.0,1.0,0.0,ON,0.0,0.01,0.0,ao188ttctrl.oct,0.001,0.0,2022-01-28T10:21:09,1,VMPA00017005,iXon Ultra 897 - VAMPIRES 1.0,300.0,45.0,HWP(NIR),45,7.49,86.44784857369265,86.41781336997992,86.4328288155002,7.832828815500207,2,128.5,128.5,0.99066991677019,0.13628321982748,-0.13628321982748,0.99066991677019,-1.7333333333333e-06,1.7333333333333e-06,deg,deg,RA---TAN,DEC--TAN,69.603866666667,29.388308333333,29.388308333333,0.0,master_dark_em300_00010ms_cam1.fits,median,127.0,124.0,1066.0,193130.1877055028,"(-0.01021459396058469, 0.0)",-0.0064414757745847,-0.202784715518137,0.0,0.0,0,0,0.0,0.0,94.9354610116906,0.0002194739370246,0.000223936394423,968855.2017893454,212.634054218287,-6240.857311406464,212.634054218287,0.0,0.0
VDATA20220128A_00000861_calib_collapsed.fits,True,-32,2,256,256,2022-01-28,HD29333,10:20:56.889,10:21:04.813,10:20:48.965,00:20:56.897,00:21:04.821,00:20:48.973,59607.4312035,59607.431296,59607.431111,VTMP00000861,0.01,ACQUISITION,NAOJ,Subaru,VAMPIRES,UTC,o21156,"""[Summit] Millar-Blancher, Zhang [Hilo] Guyon, Deo, Vievard, Ah""",Observation,IMAG_POL,ICRS,180.0,4:38:24.928,29:23:17.91,2000.0,NS_IR,-0.12,1.645,52.63931,292.4522,37.36069,Nasmyth-IR,OFF,IR,26.7,621.7,271.05,5.6,1.0,10000.0,750.0,0.0,100000.0,10000.0,45.0,2.0,1.0,4.0,2.0,/mnt/data/20220128/,HD29333_03_20220128_675-50_EmptySlot_0,1,300.0,152.0,165.0,675-50,EmptySlot,1.0,T,IN,182.85003,180.85002,+29:23:14,1.0,ADI,-39.0,163.025,04:38:26.0,SYNC,SCEXAO,348.72,35708928.0,MIRROR,152.63,15629312.0,OPEN,13.0,100.0,10.6,0.0,83.2045,+29:23:14.50,ADI,-132.384,-39.0,04:38:25.990,TRACK,0.0,ao188cmtx.oct,10.0,1.0,1.0,0.0,ON,0.0,0.01,0.0,ao188ttctrl.oct,0.001,0.0,2022-01-28T10:21:09,2,VMPA00017005,iXon Ultra 897 - VAMPIRES 1.0,300.0,45.0,HWP(NIR),45,7.49,86.44784857369265,86.41781336997992,86.4328288155002,7.832828815500207,2,128.5,128.5,0.99066991677019,0.13628321982748,-0.13628321982748,0.99066991677019,-1.7333333333333e-06,1.7333333333333e-06,deg,deg,RA---TAN,DEC--TAN,69.603866666667,29.388308333333,29.388308333333,0.0,master_dark_em300_00010ms_cam1.fits,median,128.0,124.0,1098.0,193062.89995261008,0,0.0,0.0,0.0,0.0,0,0,0.0,0.0,94.91892159809645,0.0,0.0,0.0,0.0,0.0,0.0,0.0,0.0
VDATA20220128A_00000862_calib_collapsed.fits,True,-32,2,256,256,2022-01-28,HD29333,10:20:56.889,10:21:04.813,10:20:48.965,00:20:56.897,00:21:04.821,00:20:48.973,59607.4312035,59607.431296,59607.431111,VTMP00000862,0.01,ACQUISITION,NAOJ,Subaru,VAMPIRES,UTC,o21156,"""[Summit] Millar-Blancher, Zhang [Hilo] Guyon, Deo, Vievard, Ah""",Observation,IMAG_POL,ICRS,180.0,4:38:24.928,29:23:17.91,2000.0,NS_IR,-0.12,1.645,52.63931,292.4522,37.36069,Nasmyth-IR,OFF,IR,26.7,621.7,271.05,5.6,2.0,10000.0,750.0,0.0,100000.0,10000.0,45.0,2.0,1.0,4.0,2.0,/mnt/data/20220128/,HD29333_03_20220128_675-50_EmptySlot_0,1,300.0,152.0,165.0,675-50,EmptySlot,1.0,T,IN,182.85003,180.85002,+29:23:14,1.0,ADI,-39.0,163.025,04:38:26.0,SYNC,SCEXAO,348.72,35708928.0,MIRROR,152.63,15629312.0,OPEN,13.0,100.0,10.6,0.0,83.2045,+29:23:14.50,ADI,-132.384,-39.0,04:38:25.990,TRACK,0.0,ao188cmtx.oct,10.0,1.0,1.0,0.0,ON,0.0,0.01,0.0,ao188ttctrl.oct,0.001,0.0,2022-01-28T10:21:13,1,VMPA00017007,iXon Ultra 897 - VAMPIRES 2.0,300.0,45.0,HWP(NIR),45,7.49,86.44784857369265,86.41781336997992,86.4328288155002,7.832828815500207,2,128.5,128.5,0.99066991677019,0.13628321982748,-0.13628321982748,0.99066991677019,-1.7333333333333e-06,1.7333333333333e-06,deg,deg,RA---TAN,DEC--TAN,69.603866666667,29.388308333333,29.388308333333,0.0,master_dark_em300_00010ms_cam2.fits,median,130.0,122.0,1595.0,294485.12959776586,0,0.0,0.0,0.0,0.0,0,0,0.0,0.0,117.22900176687916,0.0,0.0,0.0,0.0,0.0,0.0,0.0,0.0
VDATA20220128A_00000863_calib_collapsed.fits,True,-32,2,256,256,2022-01-28,HD29333,10:20:56.889,10:21:04.813,10:20:48.965,00:20:56.897,00:21:04.821,00:20:48.973,59607.4312035,59607.431296,59607.431111,VTMP00000863,0.01,ACQUISITION,NAOJ,Subaru,VAMPIRES,UTC,o21156,"""[Summit] Millar-Blancher, Zhang [Hilo] Guyon, Deo, Vievard, Ah""",Observation,IMAG_POL,ICRS,180.0,4:38:24.928,29:23:17.91,2000.0,NS_IR,-0.12,1.645,52.63931,292.4522,37.36069,Nasmyth-IR,OFF,IR,26.7,621.7,271.05,5.6,2.0,10000.0,750.0,0.0,100000.0,10000.0,45.0,2.0,1.0,4.0,2.0,/mnt/data/20220128/,HD29333_03_20220128_675-50_EmptySlot_0,1,300.0,152.0,165.0,675-50,EmptySlot,1.0,T,IN,182.85003,180.85002,+29:23:14,1.0,ADI,-39.0,163.025,04:38:26.0,SYNC,SCEXAO,348.72,35708928.0,MIRROR,152.63,15629312.0,OPEN,13.0,100.0,10.6,0.0,83.2045,+29:23:14.50,ADI,-132.384,-39.0,04:38:25.990,TRACK,0.0,ao188cmtx.oct,10.0,1.0,1.0,0.0,ON,0.0,0.01,0.0,ao188ttctrl.oct,0.001,0.0,2022-01-28T10:21:13,2,VMPA00017007,iXon Ultra 897 - VAMPIRES 2.0,300.0,45.0,HWP(NIR),45,7.49,86.44784857369265,86.41781336997992,86.4328288155002,7.832828815500207,2,128.5,128.5,0.99066991677019,0.13628321982748,-0.13628321982748,0.99066991677019,-1.7333333333333e-06,1.7333333333333e-06,deg,deg,RA---TAN,DEC--TAN,69.603866666667,29.388308333333,29.388308333333,0.0,master_dark_em300_00010ms_cam2.fits,median,130.0,122.0,1579.0,288176.9845334667,0,0.0,0.0,0.0,0.0,0,0,0.0,0.0,115.96662762708353,0.0,0.0,0.0,0.0,0.0,0.0,0.0,0.0
VDATA20220128A_00000864_calib_collapsed.fits,True,-32,2,256,256,2022-01-28,HD29333,10:21:31.051,10:21:38.966,10:21:23.135,00:21:31.058,00:21:38.974,00:21:23.142,59607.431603,59607.43169,59607.431516,VTMP00000864,0.01,ACQUISITION,NAOJ,Subaru,VAMPIRES,UTC,o21156,"""[Summit] Millar-Blancher, Zhang [Hilo] Guyon, Deo, Vievard, Ah""",Observation,IMAG_POL,ICRS,180.0,4:38:24.928,29:23:17.8,2000.0,NS_IR,-0.12,1.65,52.76318,292.46149,37.23682,Nasmyth-IR,OFF,IR,26.9,621.7,271.05,5.6,1.0,10000.0,750.0,0.0,100000.0,10000.0,22.5,2.0,1.0,4.0,3.0,/mnt/data/20220128/,HD29333_03_20220128_675-50_EmptySlot_0,2,300.0,152.0,165.0,675-50,EmptySlot,1.0,T,IN,183.07997,181.07958,+29:23:14,1.0,ADI,-39.0,163.025,04:38:26.0,SYNC,SCEXAO,348.72,35708928.0,MIRROR,152.63,15629312.0,OPEN,13.0,100.0,10.6,0.0,83.13291,+29:23:14.50,ADI,-132.449,-39.0,04:38:25.990,TRACK,0.0,ao188cmtx.oct,10.0,1.0,1.0,0.0,ON,0.0,0.01,0.0,ao188ttctrl.oct,0.001,0.0,2022-01-28T10:21:43,1,VMPA00017009,iXon Ultra 897 - VAMPIRES 1.0,300.0,22.5,HWP(NIR),45,7.49,86.38209523758373,86.35388076274833,86.36798611741114,7.767986117411141,2,128.5,128.5,0.99082351657047,0.13516197324292,-0.13516197324292,0.99082351657047,-1.7333333333333e-06,1.7333333333333e-06,deg,deg,RA---TAN,DEC--TAN,69.603866666667,29.388277777778,29.388277777778,0.0,master_dark_em300_00010ms_cam1.fits,median,129.0,123.0,782.0,155772.1424769446,"(0.10290333379564526, 0.0)",0.0515268027997878,-0.2302402903789029,0.0,0.0,0,0,0.0,0.0,85.26057932964065,0.0002482934675518,0.0002544520176847,758975.4126324563,188.19896739556967,39107.576416600205,188.19896739556972,0.0,0.0
VDATA20220128A_00000865_calib_collapsed.fits,True,-32,2,256,256,2022-01-28,HD29333,10:21:31.051,10:21:38.966,10:21:23.135,00:21:31.058,00:21:38.974,00:21:23.142,59607.431603,59607.43169,59607.431516,VTMP00000865,0.01,ACQUISITION,NAOJ,Subaru,VAMPIRES,UTC,o21156,"""[Summit] Millar-Blancher, Zhang [Hilo] Guyon, Deo, Vievard, Ah""",Observation,IMAG_POL,ICRS,180.0,4:38:24.928,29:23:17.8,2000.0,NS_IR,-0.12,1.65,52.76318,292.46149,37.23682,Nasmyth-IR,OFF,IR,26.9,621.7,271.05,5.6,1.0,10000.0,750.0,0.0,100000.0,10000.0,22.5,2.0,1.0,4.0,3.0,/mnt/data/20220128/,HD29333_03_20220128_675-50_EmptySlot_0,2,300.0,152.0,165.0,675-50,EmptySlot,1.0,T,IN,183.07997,181.07958,+29:23:14,1.0,ADI,-39.0,163.025,04:38:26.0,SYNC,SCEXAO,348.72,35708928.0,MIRROR,152.63,15629312.0,OPEN,13.0,100.0,10.6,0.0,83.13291,+29:23:14.50,ADI,-132.449,-39.0,04:38:25.990,TRACK,0.0,ao188cmtx.oct,10.0,1.0,1.0,0.0,ON,0.0,0.01,0.0,ao188ttctrl.oct,0.001,0.0,2022-01-28T10:21:43,2,VMPA00017009,iXon Ultra 897 - VAMPIRES 1.0,300.0,22.5,HWP(NIR),45,7.49,86.38209523758373,86.35388076274833,86.36798611741114,7.767986117411141,2,128.5,128.5,0.99082351657047,0.13516197324292,-0.13516197324292,0.99082351657047,-1.7333333333333e-06,1.7333333333333e-06,deg,deg,RA---TAN,DEC--TAN,69.603866666667,29.388277777778,29.388277777778,0.0,master_dark_em300_00010ms_cam1.fits,median,128.0,123.0,699.0,136342.20414181138,0,0.0,0.0,0.0,0.0,0,0,0.0,0.0,79.76613306203932,0.0,0.0,0.0,0.0,0.0,0.0,0.0,0.0
VDATA20220128A_00000866_calib_collapsed.fits,True,-32,2,256,256,2022-01-28,HD29333,10:21:31.051,10:21:38.966,10:21:23.135,00:21:31.058,00:21:38.974,00:21:23.142,59607.431603,59607.43169,59607.431516,VTMP00000866,0.01,ACQUISITION,NAOJ,Subaru,VAMPIRES,UTC,o21156,"""[Summit] Millar-Blancher, Zhang [Hilo] Guyon, Deo, Vievard, Ah""",Observation,IMAG_POL,ICRS,180.0,4:38:24.928,29:23:17.8,2000.0,NS_IR,-0.12,1.65,52.76318,292.46149,37.23682,Nasmyth-IR,OFF,IR,26.9,621.7,271.05,5.6,2.0,10000.0,750.0,0.0,100000.0,10000.0,22.5,2.0,1.0,4.0,3.0,/mnt/data/20220128/,HD29333_03_20220128_675-50_EmptySlot_0,2,300.0,152.0,165.0,675-50,EmptySlot,1.0,T,IN,183.07997,181.07958,+29:23:14,1.0,ADI,-39.0,163.025,04:38:26.0,SYNC,SCEXAO,348.72,35708928.0,MIRROR,152.63,15629312.0,OPEN,13.0,100.0,10.6,0.0,83.13291,+29:23:14.50,ADI,-132.449,-39.0,04:38:25.990,TRACK,0.0,ao188cmtx.oct,10.0,1.0,1.0,0.0,ON,0.0,0.01,0.0,ao188ttctrl.oct,0.001,0.0,2022-01-28T10:21:47,1,VMPA00017011,iXon Ultra 897 - VAMPIRES 2.0,300.0,22.5,HWP(NIR),45,7.49,86.38209523758373,86.35388076274833,86.36798611741114,7.767986117411141,2,128.5,128.5,0.99082351657047,0.13516197324292,-0.13516197324292,0.99082351657047,-1.7333333333333e-06,1.7333333333333e-06,deg,deg,RA---TAN,DEC--TAN,69.603866666667,29.388277777778,29.388277777778,0.0,master_dark_em300_00010ms_cam2.fits,median,129.0,122.0,1103.0,223591.7139661167,0,0.0,0.0,0.0,0.0,0,0,0.0,0.0,102.14832159396045,0.0,0.0,0.0,0.0,0.0,0.0,0.0,0.0
VDATA20220128A_00000867_calib_collapsed.fits,True,-32,2,256,256,2022-01-28,HD29333,10:21:31.051,10:21:38.966,10:21:23.135,00:21:31.058,00:21:38.974,00:21:23.142,59607.431603,59607.43169,59607.431516,VTMP00000867,0.01,ACQUISITION,NAOJ,Subaru,VAMPIRES,UTC,o21156,"""[Summit] Millar-Blancher, Zhang [Hilo] Guyon, Deo, Vievard, Ah""",Observation,IMAG_POL,ICRS,180.0,4:38:24.928,29:23:17.8,2000.0,NS_IR,-0.12,1.65,52.76318,292.46149,37.23682,Nasmyth-IR,OFF,IR,26.9,621.7,271.05,5.6,2.0,10000.0,750.0,0.0,100000.0,10000.0,22.5,2.0,1.0,4.0,3.0,/mnt/data/20220128/,HD29333_03_20220128_675-50_EmptySlot_0,2,300.0,152.0,165.0,675-50,EmptySlot,1.0,T,IN,183.07997,181.07958,+29:23:14,1.0,ADI,-39.0,163.025,04:38:26.0,SYNC,SCEXAO,348.72,35708928.0,MIRROR,152.63,15629312.0,OPEN,13.0,100.0,10.6,0.0,83.13291,+29:23:14.50,ADI,-132.449,-39.0,04:38:25.990,TRACK,0.0,ao188cmtx.oct,10.0,1.0,1.0,0.0,ON,0.0,0.01,0.0,ao188ttctrl.oct,0.001,0.0,2022-01-28T10:21:47,2,VMPA00017011,iXon Ultra 897 - VAMPIRES 2.0,300.0,22.5,HWP(NIR),45,7.49,86.38209523758373,86.35388076274833,86.36798611741114,7.767986117411141,2,128.5,128.5,0.99082351657047,0.13516197324292,-0.13516197324292,0.99082351657047,-1.7333333333333e-06,1.7333333333333e-06,deg,deg,RA---TAN,DEC--TAN,69.603866666667,29.388277777778,29.388277777778,0.0,master_dark_em300_00010ms_cam2.fits,median,129.0,122.0,1181.0,243269.35204758367,0,0.0,0.0,0.0,0.0,0,0,0.0,0.0,106.54843665206285,0.0,0.0,0.0,0.0,0.0,0.0,0.0,0.0
VDATA20220128A_00000868_calib_collapsed.fits,True,-32,2,256,256,2022-01-28,HD29333,10:22:07.845,10:22:15.795,10:21:59.895,00:22:07.852,00:22:15.802,00:21:59.902,59607.4320255,59607.432118,59607.431933,VTMP00000868,0.01,ACQUISITION,NAOJ,Subaru,VAMPIRES,UTC,o21156,"""[Summit] Millar-Blancher, Zhang [Hilo] Guyon, Deo, Vievard, Ah""",Observation,IMAG_POL,ICRS,180.0,4:38:24.93,29:23:18.03,2000.0,NS_IR,-0.12,1.655,52.8961,292.47176,37.1039,Nasmyth-IR,OFF,IR,26.6,621.7,271.05,5.7,1.0,10000.0,750.0,0.0,100000.0,10000.0,67.5,2.0,1.0,4.0,4.0,/mnt/data/20220128/,HD29333_03_20220128_675-50_EmptySlot_0,3,300.0,152.0,165.0,675-50,EmptySlot,1.0,T,IN,183.34203,181.32701,+29:23:14,1.0,ADI,-39.0,163.025,04:38:26.0,SYNC,SCEXAO,348.72,35708928.0,MIRROR,152.63,15629312.0,OPEN,13.0,100.0,10.6,0.0,83.06681,+29:23:14.50,ADI,-132.518,-39.0,04:38:25.990,TRACK,0.0,ao188cmtx.oct,10.0,1.0,1.0,0.0,ON,0.0,0.01,0.0,ao188ttctrl.oct,0.001,0.0,2022-01-28T10:22:21,1,VMPA00017013,iXon Ultra 897 - VAMPIRES 1.0,300.0,67.5,HWP(NIR),45,7.49,86.31455443934112,86.28459480840188,86.29957252428538,7.699572524285387,2,128.5,128.5,0.99098419933925,0.13397879182894,-0.13397879182894,0.99098419933925,-1.7333333333333e-06,1.7333333333333e-06,deg,deg,RA---TAN,DEC--TAN,69.603875,29.388341666667,29.388341666667,0.0,master_dark_em300_00010ms_cam1.fits,median,127.0,122.0,1240.0,210037.69954556547,"(-0.09267910963991424, 0.0)",-0.0493975517914241,-0.2000985837056817,0.0,0.0,0,0,0.0,0.0,99.00383329803932,0.0002065015078106,0.0002103385678816,1097030.6223238115,226.2625920943796,-54190.62698301874,226.2625920943796,0.0,0.0
VDATA20220128A_00000869_calib_collapsed.fits,True,-32,2,256,256,2022-01-28,HD29333,10:22:07.845,10:22:15.795,10:21:59.895,00:22:07.852,00:22:15.802,00:21:59.902,59607.4320255,59607.432118,59607.431933,VTMP00000869,0.01,ACQUISITION,NAOJ,Subaru,VAMPIRES,UTC,o21156,"""[Summit] Millar-Blancher, Zhang [Hilo] Guyon, Deo, Vievard, Ah""",Observation,IMAG_POL,ICRS,180.0,4:38:24.93,29:23:18.03,2000.0,NS_IR,-0.12,1.655,52.8961,292.47176,37.1039,Nasmyth-IR,OFF,IR,26.6,621.7,271.05,5.7,1.0,10000.0,750.0,0.0,100000.0,10000.0,67.5,2.0,1.0,4.0,4.0,/mnt/data/20220128/,HD29333_03_20220128_675-50_EmptySlot_0,3,300.0,152.0,165.0,675-50,EmptySlot,1.0,T,IN,183.34203,181.32701,+29:23:14,1.0,ADI,-39.0,163.025,04:38:26.0,SYNC,SCEXAO,348.72,35708928.0,MIRROR,152.63,15629312.0,OPEN,13.0,100.0,10.6,0.0,83.06681,+29:23:14.50,ADI,-132.518,-39.0,04:38:25.990,TRACK,0.0,ao188cmtx.oct,10.0,1.0,1.0,0.0,ON,0.0,0.01,0.0,ao188ttctrl.oct,0.001,0.0,2022-01-28T10:22:21,2,VMPA00017013,iXon Ultra 897 - VAMPIRES 1.0,300.0,67.5,HWP(NIR),45,7.49,86.31455443934112,86.28459480840188,86.29957252428538,7.699572524285387,2,128.5,128.5,0.99098419933925,0.13397879182894,-0.13397879182894,0.99098419933925,-1.7333333333333e-06,1.7333333333333e-06,deg,deg,RA---TAN,DEC--TAN,69.603875,29.388341666667,29.388341666667,0.0,master_dark_em300_00010ms_cam1.fits,median,128.0,124.0,1420.0,228720.4747119616,0,0.0,0.0,0.0,0.0,0,0,0.0,0.0,103.31322159445344,0.0,0.0,0.0,0.0,0.0,0.0,0.0,0.0
VDATA20220128A_00000870_calib_collapsed.fits,True,-32,2,256,256,2022-01-28,HD29333,10:22:07.845,10:22:15.795,10:21:59.895,00:22:07.852,00:22:15.802,00:21:59.902,59607.4320255,59607.432118,59607.431933,VTMP00000870,0.01,ACQUISITION,NAOJ,Subaru,VAMPIRES,UTC,o21156,"""[Summit] Millar-Blancher, Zhang [Hilo] Guyon, Deo, Vievard, Ah""",Observation,IMAG_POL,ICRS,180.0,4:38:24.93,29:23:18.03,2000.0,NS_IR,-0.12,1.655,52.8961,292.47176,37.1039,Nasmyth-IR,OFF,IR,26.6,621.7,271.05,5.7,2.0,10000.0,750.0,0.0,100000.0,10000.0,67.5,2.0,1.0,4.0,4.0,/mnt/data/20220128/,HD29333_03_20220128_675-50_EmptySlot_0,3,300.0,152.0,165.0,675-50,EmptySlot,1.0,T,IN,183.34203,181.32701,+29:23:14,1.0,ADI,-39.0,163.025,04:38:26.0,SYNC,SCEXAO,348.72,35708928.0,MIRROR,152.63,15629312.0,OPEN,13.0,100.0,10.6,0.0,83.06681,+29:23:14.50,ADI,-132.518,-39.0,04:38:25.990,TRACK,0.0,ao188cmtx.oct,10.0,1.0,1.0,0.0,ON,0.0,0.01,0.0,ao188ttctrl.oct,0.001,0.0,2022-01-28T10:22:25,1,VMPA00017015,iXon Ultra 897 - VAMPIRES 2.0,300.0,67.5,HWP(NIR),45,7.49,86.31455443934112,86.28459480840188,86.29957252428538,7.699572524285387,2,128.5,128.5,0.99098419933925,0.13397879182894,-0.13397879182894,0.99098419933925,-1.7333333333333e-06,1.7333333333333e-06,deg,deg,RA---TAN,DEC--TAN,69.603875,29.388341666667,29.388341666667,0.0,master_dark_em300_00010ms_cam2.fits,median,129.0,122.0,2016.0,346890.1499414535,0,0.0,0.0,0.0,0.0,0,0,0.0,0.0,127.23288251945893,0.0,0.0,0.0,0.0,0.0,0.0,0.0,0.0
VDATA20220128A_00000871_calib_collapsed.fits,True,-32,2,256,256,2022-01-28,HD29333,10:22:07.845,10:22:15.795,10:21:59.895,00:22:07.852,00:22:15.802,00:21:59.902,59607.4320255,59607.432118,59607.431933,VTMP00000871,0.01,ACQUISITION,NAOJ,Subaru,VAMPIRES,UTC,o21156,"""[Summit] Millar-Blancher, Zhang [Hilo] Guyon, Deo, Vievard, Ah""",Observation,IMAG_POL,ICRS,180.0,4:38:24.93,29:23:18.03,2000.0,NS_IR,-0.12,1.655,52.8961,292.47176,37.1039,Nasmyth-IR,OFF,IR,26.6,621.7,271.05,5.7,2.0,10000.0,750.0,0.0,100000.0,10000.0,67.5,2.0,1.0,4.0,4.0,/mnt/data/20220128/,HD29333_03_20220128_675-50_EmptySlot_0,3,300.0,152.0,165.0,675-50,EmptySlot,1.0,T,IN,183.34203,181.32701,+29:23:14,1.0,ADI,-39.0,163.025,04:38:26.0,SYNC,SCEXAO,348.72,35708928.0,MIRROR,152.63,15629312.0,OPEN,13.0,100.0,10.6,0.0,83.06681,+29:23:14.50,ADI,-132.518,-39.0,04:38:25.990,TRACK,0.0,ao188cmtx.oct,10.0,1.0,1.0,0.0,ON,0.0,0.01,0.0,ao188ttctrl.oct,0.001,0.0,2022-01-28T10:22:25,2,VMPA00017015,iXon Ultra 897 - VAMPIRES 2.0,300.0,67.5,HWP(NIR),45,7.49,86.31455443934112,86.28459480840188,86.29957252428538,7.699572524285387,2,128.5,128.5,0.99098419933925,0.13397879182894,-0.13397879182894,0.99098419933925,-1.7333333333333e-06,1.7333333333333e-06,deg,deg,RA---TAN,DEC--TAN,69.603875,29.388341666667,29.388341666667,0.0,master_dark_em300_00010ms_cam2.fits,median,129.0,122.0,1819.0,311382.2981248309,0,0.0,0.0,0.0115760813181369,0.05046217729560595,0,0,0.0517729369081693,38.53991381749439,120.5453168859188,0.0,0.0,0.0,0.0,0.0,0.0,0.00014467738208465678,0.00016147176127495795
VDATA20220128A_00000872_calib_collapsed.fits,True,-32,2,256,256,2022-01-28,HD29333,10:22:44.051,10:22:51.977,10:22:36.124,00:22:44.058,00:22:51.984,00:22:36.131,59607.432448,59607.432535,59607.432361,VTMP00000872,0.01,ACQUISITION,NAOJ,Subaru,VAMPIRES,UTC,o21156,"""[Summit] Millar-Blancher, Zhang [Hilo] Guyon, Deo, Vievard, Ah""",Observation,IMAG_POL,ICRS,180.0,4:38:24.93,29:23:17.81,2000.0,NS_IR,-0.12,1.66,53.0283,292.48199,36.9717,Nasmyth-IR,OFF,IR,26.8,621.7,271.05,5.7,1.0,10000.0,750.0,0.0,100000.0,10000.0,0.0,2.0,2.0,4.0,1.0,/mnt/data/20220128/,HD29333_03_20220128_675-50_EmptySlot_0,4,300.0,152.0,165.0,675-50,EmptySlot,1.0,T,IN,183.58005,181.58004,+29:23:14,1.0,ADI,-39.0,163.025,04:38:26.0,SYNC,SCEXAO,348.72,35708928.0,MIRROR,152.63,15629312.0,OPEN,13.0,100.0,10.6,0.0,83.00313,+29:23:14.50,ADI,-132.586,-39.0,04:38:25.990,TRACK,0.0,ao188cmtx.oct,10.0,1.0,1.0,0.0,ON,0.0,0.01,0.0,ao188ttctrl.oct,0.001,0.0,2022-01-28T10:22:56,1,VMPA00017015,iXon Ultra 897 - VAMPIRES 1.0,300.0,0.0,HWP(NIR),45,7.49,86.2452223669405,86.21708004490337,86.23114937385198,7.631149373851983,2,128.5,128.5,0.9911434913761,0.13279525406726,-0.13279525406726,0.9911434913761,-1.7333333333333e-06,1.7333333333333e-06,deg,deg,RA---TAN,DEC--TAN,69.603875,29.388280555556,29.388280555556,0.0,master_dark_em300_00010ms_cam1.fits,median,129.0,124.0,1066.0,192572.18584818527,"(0.03620253941302104, 0.0)",0.0172607423510431,-0.2168277190960098,0.0,0.0,0,0,0.0,0.0,94.79821532652652,0.0002207763519825,0.0002258729195924,957703.4029509252,211.4067733790294,16530.671687053225,211.4067733790294,0.0,0.0
VDATA20220128A_00000873_calib_collapsed.fits,True,-32,2,256,256,2022-01-28,HD29333,10:22:44.051,10:22:51.977,10:22:36.124,00:22:44.058,00:22:51.984,00:22:36.131,59607.432448,59607.432535,59607.432361,VTMP00000873,0.01,ACQUISITION,NAOJ,Subaru,VAMPIRES,UTC,o21156,"""[Summit] Millar-Blancher, Zhang [Hilo] Guyon, Deo, Vievard, Ah""",Observation,IMAG_POL,ICRS,180.0,4:38:24.93,29:23:17.81,2000.0,NS_IR,-0.12,1.66,53.0283,292.48199,36.9717,Nasmyth-IR,OFF,IR,26.8,621.7,271.05,5.7,1.0,10000.0,750.0,0.0,100000.0,10000.0,0.0,2.0,2.0,4.0,1.0,/mnt/data/20220128/,HD29333_03_20220128_675-50_EmptySlot_0,4,300.0,152.0,165.0,675-50,EmptySlot,1.0,T,IN,183.58005,181.58004,+29:23:14,1.0,ADI,-39.0,163.025,04:38:26.0,SYNC,SCEXAO,348.72,35708928.0,MIRROR,152.63,15629312.0,OPEN,13.0,100.0,10.6,0.0,83.00313,+29:23:14.50,ADI,-132.586,-39.0,04:38:25.990,TRACK,0.0,ao188cmtx.oct,10.0,1.0,1.0,0.0,ON,0.0,0.01,0.0,ao188ttctrl.oct,0.001,0.0,2022-01-28T10:22:56,2,VMPA00017015,iXon Ultra 897 - VAMPIRES 1.0,300.0,0.0,HWP(NIR),45,7.49,86.2452223669405,86.21708004490337,86.23114937385198,7.631149373851983,2,128.5,128.5,0.9911434913761,0.13279525406726,-0.13279525406726,0.9911434913761,-1.7333333333333e-06,1.7333333333333e-06,deg,deg,RA---TAN,DEC--TAN,69.603875,29.388280555556,29.388280555556,0.0,master_dark_em300_00010ms_cam1.fits,median,129.0,123.0,988.0,182451.19341110945,0,0.0,0.0,0.0,0.0,0,0,0.0,0.0,92.2734453480632,0.0,0.0,0.0,0.0,0.0,0.0,0.0,0.0
VDATA20220128A_00000874_calib_collapsed.fits,True,-32,2,256,256,2022-01-28,HD29333,10:22:44.051,10:22:51.977,10:22:36.124,00:22:44.058,00:22:51.984,00:22:36.131,59607.432448,59607.432535,59607.432361,VTMP00000874,0.01,ACQUISITION,NAOJ,Subaru,VAMPIRES,UTC,o21156,"""[Summit] Millar-Blancher, Zhang [Hilo] Guyon, Deo, Vievard, Ah""",Observation,IMAG_POL,ICRS,180.0,4:38:24.93,29:23:17.81,2000.0,NS_IR,-0.12,1.66,53.0283,292.48199,36.9717,Nasmyth-IR,OFF,IR,26.8,621.7,271.05,5.7,2.0,10000.0,750.0,0.0,100000.0,10000.0,0.0,2.0,2.0,4.0,1.0,/mnt/data/20220128/,HD29333_03_20220128_675-50_EmptySlot_0,4,300.0,152.0,165.0,675-50,EmptySlot,1.0,T,IN,183.58005,181.58004,+29:23:14,1.0,ADI,-39.0,163.025,04:38:26.0,SYNC,SCEXAO,348.72,35708928.0,MIRROR,152.63,15629312.0,OPEN,13.0,100.0,10.6,0.0,83.00313,+29:23:14.50,ADI,-132.586,-39.0,04:38:25.990,TRACK,0.0,ao188cmtx.oct,10.0,1.0,1.0,0.0,ON,0.0,0.01,0.0,ao188ttctrl.oct,0.001,0.0,2022-01-28T10:23:01,1,VMPA00017019,iXon Ultra 897 - VAMPIRES 2.0,300.0,0.0,HWP(NIR),45,7.49,86.2452223669405,86.21708004490337,86.23114937385198,7.631149373851983,2,128.5,128.5,0.9911434913761,0.13279525406726,-0.13279525406726,0.9911434913761,-1.7333333333333e-06,1.7333333333333e-06,deg,deg,RA---TAN,DEC--TAN,69.603875,29.388280555556,29.388280555556,0.0,master_dark_em300_00010ms_cam2.fits,median,130.0,122.0,1584.0,288135.1722208266,0,0.0,0.0,0.0,0.0,0,0,0.0,0.0,115.95821476512285,0.0,0.0,0.0,0.0,0.0,0.0,0.0,0.0
VDATA20220128A_00000875_calib_collapsed.fits,True,-32,2,256,256,2022-01-28,HD29333,10:22:44.051,10:22:51.977,10:22:36.124,00:22:44.058,00:22:51.984,00:22:36.131,59607.432448,59607.432535,59607.432361,VTMP00000875,0.01,ACQUISITION,NAOJ,Subaru,VAMPIRES,UTC,o21156,"""[Summit] Millar-Blancher, Zhang [Hilo] Guyon, Deo, Vievard, Ah""",Observation,IMAG_POL,ICRS,180.0,4:38:24.93,29:23:17.81,2000.0,NS_IR,-0.12,1.66,53.0283,292.48199,36.9717,Nasmyth-IR,OFF,IR,26.8,621.7,271.05,5.7,2.0,10000.0,750.0,0.0,100000.0,10000.0,0.0,2.0,2.0,4.0,1.0,/mnt/data/20220128/,HD29333_03_20220128_675-50_EmptySlot_0,4,300.0,152.0,165.0,675-50,EmptySlot,1.0,T,IN,183.58005,181.58004,+29:23:14,1.0,ADI,-39.0,163.025,04:38:26.0,SYNC,SCEXAO,348.72,35708928.0,MIRROR,152.63,15629312.0,OPEN,13.0,100.0,10.6,0.0,83.00313,+29:23:14.50,ADI,-132.586,-39.0,04:38:25.990,TRACK,0.0,ao188cmtx.oct,10.0,1.0,1.0,0.0,ON,0.0,0.01,0.0,ao188ttctrl.oct,0.001,0.0,2022-01-28T10:23:01,2,VMPA00017019,iXon Ultra 897 - VAMPIRES 2.0,300.0,0.0,HWP(NIR),45,7.49,86.2452223669405,86.21708004490337,86.23114937385198,7.631149373851983,2,128.5,128.5,0.9911434913761,0.13279525406726,-0.13279525406726,0.9911434913761,-1.7333333333333e-06,1.7333333333333e-06,deg,deg,RA---TAN,DEC--TAN,69.603875,29.388280555556,29.388280555556,0.0,master_dark_em300_00010ms_cam2.fits,median,129.0,122.0,1571.0,294544.851470804,0,0.0,0.0,0.0,0.0,0,0,0.0,0.0,117.24088840298612,0.0,0.0,0.0,0.0,0.0,0.0,0.0,0.0
VDATA20220128A_00000876_calib_collapsed.fits,True,-32,2,256,256,2022-01-28,HD29333,10:23:18.788,10:23:26.718,10:23:10.857,00:23:18.794,00:23:26.725,00:23:10.862,59607.4328475,59607.43294,59607.432755,VTMP00000876,0.01,ACQUISITION,NAOJ,Subaru,VAMPIRES,UTC,o21156,"""[Summit] Millar-Blancher, Zhang [Hilo] Guyon, Deo, Vievard, Ah""",Observation,IMAG_POL,ICRS,180.0,4:38:24.927,29:23:17.97,2000.0,NS_IR,-0.12,1.665,53.1536,292.49199,36.8464,Nasmyth-IR,OFF,IR,27.1,621.7,271.05,5.6,1.0,10000.0,750.0,0.0,100000.0,10000.0,45.0,2.0,2.0,4.0,2.0,/mnt/data/20220128/,HD29333_03_20220128_675-50_EmptySlot_0,5,300.0,152.0,165.0,675-50,EmptySlot,1.0,T,IN,183.83403,181.82603,+29:23:14,1.0,ADI,-39.0,163.025,04:38:26.0,SYNC,SCEXAO,348.72,35708928.0,MIRROR,152.63,15629312.0,OPEN,13.0,100.0,10.6,0.0,82.93351,+29:23:14.50,ADI,-132.652,-39.0,04:38:25.990,TRACK,0.0,ao188cmtx.oct,10.0,1.0,1.0,0.0,ON,0.0,0.01,0.0,ao188ttctrl.oct,0.001,0.0,2022-01-28T10:23:31,1,VMPA00017021,iXon Ultra 897 - VAMPIRES 1.0,300.0,45.0,HWP(NIR),45,7.49,86.18154604638279,86.15166009133158,86.16660102458788,7.566601024587882,2,128.5,128.5,0.9912924670117,0.13167856638749,-0.13167856638749,0.9912924670117,-1.7333333333333e-06,1.7333333333333e-06,deg,deg,RA---TAN,DEC--TAN,69.6038625,29.388325,29.388325,0.0,master_dark_em300_00010ms_cam1.fits,median,127.0,124.0,1363.0,219796.02186566105,"(-0.011371866187358387, 0.0)",-0.0075129070721916,-0.2008804911675541,0.0,0.0,0,0,0.0,0.0,101.2775754882749,0.0002061634471596,0.0002102760290457,1098014.1662969962,226.36399722503683,-8249.278395339323,226.36399722503683,0.0,0.0
VDATA20220128A_00000877_calib_collapsed.fits,True,-32,2,256,256,2022-01-28,HD29333,10:23:18.788,10:23:26.718,10:23:10.857,00:23:18.794,00:23:26.725,00:23:10.862,59607.4328475,59607.43294,59607.432755,VTMP00000877,0.01,ACQUISITION,NAOJ,Subaru,VAMPIRES,UTC,o21156,"""[Summit] Millar-Blancher, Zhang [Hilo] Guyon, Deo, Vievard, Ah""",Observation,IMAG_POL,ICRS,180.0,4:38:24.927,29:23:17.97,2000.0,NS_IR,-0.12,1.665,53.1536,292.49199,36.8464,Nasmyth-IR,OFF,IR,27.1,621.7,271.05,5.6,1.0,10000.0,750.0,0.0,100000.0,10000.0,45.0,2.0,2.0,4.0,2.0,/mnt/data/20220128/,HD29333_03_20220128_675-50_EmptySlot_0,5,300.0,152.0,165.0,675-50,EmptySlot,1.0,T,IN,183.83403,181.82603,+29:23:14,1.0,ADI,-39.0,163.025,04:38:26.0,SYNC,SCEXAO,348.72,35708928.0,MIRROR,152.63,15629312.0,OPEN,13.0,100.0,10.6,0.0,82.93351,+29:23:14.50,ADI,-132.652,-39.0,04:38:25.990,TRACK,0.0,ao188cmtx.oct,10.0,1.0,1.0,0.0,ON,0.0,0.01,0.0,ao188ttctrl.oct,0.001,0.0,2022-01-28T10:23:31,2,VMPA00017021,iXon Ultra 897 - VAMPIRES 1.0,300.0,45.0,HWP(NIR),45,7.49,86.18154604638279,86.15166009133158,86.16660102458788,7.566601024587882,2,128.5,128.5,0.9912924670117,0.13167856638749,-0.13167856638749,0.9912924670117,-1.7333333333333e-06,1.7333333333333e-06,deg,deg,RA---TAN,DEC--TAN,69.6038625,29.388325,29.388325,0.0,master_dark_em300_00010ms_cam1.fits,median,128.0,123.0,1320.0,218926.24876550047,0,0.0,0.0,0.0,0.0,0,0,0.0,0.0,101.0769899915508,0.0,0.0,0.0,0.0,0.0,0.0,0.0,0.0
VDATA20220128A_00000878_calib_collapsed.fits,True,-32,2,256,256,2022-01-28,HD29333,10:23:18.788,10:23:26.718,10:23:10.857,00:23:18.794,00:23:26.725,00:23:10.862,59607.4328475,59607.43294,59607.432755,VTMP00000878,0.01,ACQUISITION,NAOJ,Subaru,VAMPIRES,UTC,o21156,"""[Summit] Millar-Blancher, Zhang [Hilo] Guyon, Deo, Vievard, Ah""",Observation,IMAG_POL,ICRS,180.0,4:38:24.927,29:23:17.97,2000.0,NS_IR,-0.12,1.665,53.1536,292.49199,36.8464,Nasmyth-IR,OFF,IR,27.1,621.7,271.05,5.6,2.0,10000.0,750.0,0.0,100000.0,10000.0,45.0,2.0,2.0,4.0,2.0,/mnt/data/20220128/,HD29333_03_20220128_675-50_EmptySlot_0,5,300.0,152.0,165.0,675-50,EmptySlot,1.0,T,IN,183.83403,181.82603,+29:23:14,1.0,ADI,-39.0,163.025,04:38:26.0,SYNC,SCEXAO,348.72,35708928.0,MIRROR,152.63,15629312.0,OPEN,13.0,100.0,10.6,0.0,82.93351,+29:23:14.50,ADI,-132.652,-39.0,04:38:25.990,TRACK,0.0,ao188cmtx.oct,10.0,1.0,1.0,0.0,ON,0.0,0.01,0.0,ao188ttctrl.oct,0.001,0.0,2022-01-28T10:23:35,1,VMPA00017021,iXon Ultra 897 - VAMPIRES 2.0,300.0,45.0,HWP(NIR),45,7.49,86.18154604638279,86.15166009133158,86.16660102458788,7.566601024587882,2,128.5,128.5,0.9912924670117,0.13167856638749,-0.13167856638749,0.9912924670117,-1.7333333333333e-06,1.7333333333333e-06,deg,deg,RA---TAN,DEC--TAN,69.6038625,29.388325,29.388325,0.0,master_dark_em300_00010ms_cam2.fits,median,129.0,122.0,1991.0,334205.4735806672,0,0.0,0.0,0.0,0.0,0,0,0.0,0.0,124.8849666741824,0.0,0.0,0.0,0.0,0.0,0.0,0.0,0.0
VDATA20220128A_00000879_calib_collapsed.fits,True,-32,2,256,256,2022-01-28,HD29333,10:23:18.788,10:23:26.718,10:23:10.857,00:23:18.794,00:23:26.725,00:23:10.862,59607.4328475,59607.43294,59607.432755,VTMP00000879,0.01,ACQUISITION,NAOJ,Subaru,VAMPIRES,UTC,o21156,"""[Summit] Millar-Blancher, Zhang [Hilo] Guyon, Deo, Vievard, Ah""",Observation,IMAG_POL,ICRS,180.0,4:38:24.927,29:23:17.97,2000.0,NS_IR,-0.12,1.665,53.1536,292.49199,36.8464,Nasmyth-IR,OFF,IR,27.1,621.7,271.05,5.6,2.0,10000.0,750.0,0.0,100000.0,10000.0,45.0,2.0,2.0,4.0,2.0,/mnt/data/20220128/,HD29333_03_20220128_675-50_EmptySlot_0,5,300.0,152.0,165.0,675-50,EmptySlot,1.0,T,IN,183.83403,181.82603,+29:23:14,1.0,ADI,-39.0,163.025,04:38:26.0,SYNC,SCEXAO,348.72,35708928.0,MIRROR,152.63,15629312.0,OPEN,13.0,100.0,10.6,0.0,82.93351,+29:23:14.50,ADI,-132.652,-39.0,04:38:25.990,TRACK,0.0,ao188cmtx.oct,10.0,1.0,1.0,0.0,ON,0.0,0.01,0.0,ao188ttctrl.oct,0.001,0.0,2022-01-28T10:23:35,2,VMPA00017021,iXon Ultra 897 - VAMPIRES 2.0,300.0,45.0,HWP(NIR),45,7.49,86.18154604638279,86.15166009133158,86.16660102458788,7.566601024587882,2,128.5,128.5,0.9912924670117,0.13167856638749,-0.13167856638749,0.9912924670117,-1.7333333333333e-06,1.7333333333333e-06,deg,deg,RA---TAN,DEC--TAN,69.6038625,29.388325,29.388325,0.0,master_dark_em300_00010ms_cam2.fits,median,130.0,122.0,1863.0,325086.4220851673,0,0.0,0.0,0.0,0.0,0,0,0.0,0.0,123.16939204181188,0.0,0.0,0.0,0.0,0.0,0.0,0.0,0.0
VDATA20220128A_00000880_calib_collapsed.fits,True,-32,2,256,256,2022-01-28,HD29333,10:23:52.909,10:24:00.837,10:23:44.982,00:23:52.916,00:24:00.844,00:23:44.988,59607.4332405,59607.433333,59607.433148,VTMP00000880,0.01,ACQUISITION,NAOJ,Subaru,VAMPIRES,UTC,o21156,"""[Summit] Millar-Blancher, Zhang [Hilo] Guyon, Deo, Vievard, Ah""",Observation,IMAG_POL,ICRS,180.0,4:38:24.931,29:23:17.79,2000.0,NS_IR,-0.12,1.67,53.2785,292.502,36.7215,Nasmyth-IR,OFF,IR,27.0,621.7,271.05,5.6,1.0,10000.0,750.0,0.0,100000.0,10000.0,22.5,2.0,2.0,4.0,3.0,/mnt/data/20220128/,HD29333_03_20220128_675-50_EmptySlot_0,6,300.0,152.0,165.0,675-50,EmptySlot,1.0,T,IN,184.06796,182.06804,+29:23:14,1.0,ADI,-39.0,163.025,04:38:26.0,SYNC,SCEXAO,348.72,35708928.0,MIRROR,152.63,15629312.0,OPEN,13.0,100.0,10.6,0.0,82.87348,+29:23:14.50,ADI,-132.716,-39.0,04:38:25.990,TRACK,0.0,ao188cmtx.oct,10.0,1.0,1.0,0.0,ON,0.0,0.01,0.0,ao188ttctrl.oct,0.001,0.0,2022-01-28T10:24:07,1,VMPA00017025,iXon Ultra 897 - VAMPIRES 1.0,300.0,22.5,HWP(NIR),45,7.49,86.1180486239209,86.088197262169,86.10312092434741,7.503120924347414,2,128.5,128.5,0.99143775008837,0.13058019643009,-0.13058019643009,0.99143775008837,-1.7333333333333e-06,1.7333333333333e-06,deg,deg,RA---TAN,DEC--TAN,69.603879166667,29.388275,29.388275,0.0,master_dark_em300_00010ms_cam1.fits,median,128.0,123.0,2099.0,308211.1453256646,"(0.10019160534794144, 0.0)",0.0507945361827324,-0.2212809769676889,0.0,0.0,0,0,0.0,0.0,119.92992213730716,0.0001770890555515,0.0001811393228351,1491909.2101339183,263.86062086552977,75780.83635549905,263.86062086552977,0.0,0.0
VDATA20220128A_00000881_calib_collapsed.fits,True,-32,2,256,256,2022-01-28,HD29333,10:23:52.909,10:24:00.837,10:23:44.982,00:23:52.916,00:24:00.844,00:23:44.988,59607.4332405,59607.433333,59607.433148,VTMP00000881,0.01,ACQUISITION,NAOJ,Subaru,VAMPIRES,UTC,o21156,"""[Summit] Millar-Blancher, Zhang [Hilo] Guyon, Deo, Vievard, Ah""",Observation,IMAG_POL,ICRS,180.0,4:38:24.931,29:23:17.79,2000.0,NS_IR,-0.12,1.67,53.2785,292.502,36.7215,Nasmyth-IR,OFF,IR,27.0,621.7,271.05,5.6,1.0,10000.0,750.0,0.0,100000.0,10000.0,22.5,2.0,2.0,4.0,3.0,/mnt/data/20220128/,HD29333_03_20220128_675-50_EmptySlot_0,6,300.0,152.0,165.0,675-50,EmptySlot,1.0,T,IN,184.06796,182.06804,+29:23:14,1.0,ADI,-39.0,163.025,04:38:26.0,SYNC,SCEXAO,348.72,35708928.0,MIRROR,152.63,15629312.0,OPEN,13.0,100.0,10.6,0.0,82.87348,+29:23:14.50,ADI,-132.716,-39.0,04:38:25.990,TRACK,0.0,ao188cmtx.oct,10.0,1.0,1.0,0.0,ON,0.0,0.01,0.0,ao188ttctrl.oct,0.001,0.0,2022-01-28T10:24:07,2,VMPA00017025,iXon Ultra 897 - VAMPIRES 1.0,300.0,22.5,HWP(NIR),45,7.49,86.1180486239209,86.088197262169,86.10312092434741,7.503120924347414,2,128.5,128.5,0.99143775008837,0.13058019643009,-0.13058019643009,0.99143775008837,-1.7333333333333e-06,1.7333333333333e-06,deg,deg,RA---TAN,DEC--TAN,69.603879166667,29.388275,29.388275,0.0,master_dark_em300_00010ms_cam1.fits,median,128.0,124.0,1879.0,272677.8959585313,0,0.0,0.0,0.0,0.0,0,0,0.0,0.0,112.80499971643546,0.0,0.0,0.0,0.0,0.0,0.0,0.0,0.0
VDATA20220128A_00000882_calib_collapsed.fits,True,-32,2,256,256,2022-01-28,HD29333,10:23:52.909,10:24:00.837,10:23:44.982,00:23:52.916,00:24:00.844,00:23:44.988,59607.4332405,59607.433333,59607.433148,VTMP00000882,0.01,ACQUISITION,NAOJ,Subaru,VAMPIRES,UTC,o21156,"""[Summit] Millar-Blancher, Zhang [Hilo] Guyon, Deo, Vievard, Ah""",Observation,IMAG_POL,ICRS,180.0,4:38:24.931,29:23:17.79,2000.0,NS_IR,-0.12,1.67,53.2785,292.502,36.7215,Nasmyth-IR,OFF,IR,27.0,621.7,271.05,5.6,2.0,10000.0,750.0,0.0,100000.0,10000.0,22.5,2.0,2.0,4.0,3.0,/mnt/data/20220128/,HD29333_03_20220128_675-50_EmptySlot_0,6,300.0,152.0,165.0,675-50,EmptySlot,1.0,T,IN,184.06796,182.06804,+29:23:14,1.0,ADI,-39.0,163.025,04:38:26.0,SYNC,SCEXAO,348.72,35708928.0,MIRROR,152.63,15629312.0,OPEN,13.0,100.0,10.6,0.0,82.87348,+29:23:14.50,ADI,-132.716,-39.0,04:38:25.990,TRACK,0.0,ao188cmtx.oct,10.0,1.0,1.0,0.0,ON,0.0,0.01,0.0,ao188ttctrl.oct,0.001,0.0,2022-01-28T10:24:11,1,VMPA00017027,iXon Ultra 897 - VAMPIRES 2.0,300.0,22.5,HWP(NIR),45,7.49,86.1180486239209,86.088197262169,86.10312092434741,7.503120924347414,2,128.5,128.5,0.99143775008837,0.13058019643009,-0.13058019643009,0.99143775008837,-1.7333333333333e-06,1.7333333333333e-06,deg,deg,RA---TAN,DEC--TAN,69.603879166667,29.388275,29.388275,0.0,master_dark_em300_00010ms_cam2.fits,median,129.0,122.0,2834.0,435386.2909306784,0,0.0,0.0,0.0,0.0,0,0,0.0,0.0,142.5413139549276,0.0,0.0,0.0,0.0,0.0,0.0,0.0,0.0
VDATA20220128A_00000883_calib_collapsed.fits,True,-32,2,256,256,2022-01-28,HD29333,10:23:52.909,10:24:00.837,10:23:44.982,00:23:52.916,00:24:00.844,00:23:44.988,59607.4332405,59607.433333,59607.433148,VTMP00000883,0.01,ACQUISITION,NAOJ,Subaru,VAMPIRES,UTC,o21156,"""[Summit] Millar-Blancher, Zhang [Hilo] Guyon, Deo, Vievard, Ah""",Observation,IMAG_POL,ICRS,180.0,4:38:24.931,29:23:17.79,2000.0,NS_IR,-0.12,1.67,53.2785,292.502,36.7215,Nasmyth-IR,OFF,IR,27.0,621.7,271.05,5.6,2.0,10000.0,750.0,0.0,100000.0,10000.0,22.5,2.0,2.0,4.0,3.0,/mnt/data/20220128/,HD29333_03_20220128_675-50_EmptySlot_0,6,300.0,152.0,165.0,675-50,EmptySlot,1.0,T,IN,184.06796,182.06804,+29:23:14,1.0,ADI,-39.0,163.025,04:38:26.0,SYNC,SCEXAO,348.72,35708928.0,MIRROR,152.63,15629312.0,OPEN,13.0,100.0,10.6,0.0,82.87348,+29:23:14.50,ADI,-132.716,-39.0,04:38:25.990,TRACK,0.0,ao188cmtx.oct,10.0,1.0,1.0,0.0,ON,0.0,0.01,0.0,ao188ttctrl.oct,0.001,0.0,2022-01-28T10:24:11,2,VMPA00017027,iXon Ultra 897 - VAMPIRES 2.0,300.0,22.5,HWP(NIR),45,7.49,86.1180486239209,86.088197262169,86.10312092434741,7.503120924347414,2,128.5,128.5,0.99143775008837,0.13058019643009,-0.13058019643009,0.99143775008837,-1.7333333333333e-06,1.7333333333333e-06,deg,deg,RA---TAN,DEC--TAN,69.603879166667,29.388275,29.388275,0.0,master_dark_em300_00010ms_cam2.fits,median,130.0,123.0,3075.0,475633.8779190442,0,0.0,0.0,0.0,0.0,0,0,0.0,0.0,148.98404906116642,0.0,0.0,0.0,0.0,0.0,0.0,0.0,0.0
VDATA20220128A_00000884_calib_collapsed.fits,True,-32,2,256,256,2022-01-28,HD29333,10:24:29.560,10:24:37.491,10:24:21.628,00:24:29.566,00:24:37.498,00:24:21.634,59607.43366900001,59607.433762,59607.433576,VTMP00000884,0.01,ACQUISITION,NAOJ,Subaru,VAMPIRES,UTC,o21156,"""[Summit] Millar-Blancher, Zhang [Hilo] Guyon, Deo, Vievard, Ah""",Observation,IMAG_POL,ICRS,180.0,4:38:24.931,29:23:18.03,2000.0,NS_IR,-0.12,1.675,53.41176,292.51301,36.58824,Nasmyth-IR,OFF,IR,27.1,621.7,270.95,5.6,1.0,10000.0,750.0,0.0,100000.0,10000.0,67.5,2.0,2.0,4.0,4.0,/mnt/data/20220128/,HD29333_03_20220128_675-50_EmptySlot_0,7,300.0,152.0,165.0,675-50,EmptySlot,1.0,T,IN,184.33999,182.32497,+29:23:14,1.0,ADI,-39.0,163.025,04:38:26.0,SYNC,SCEXAO,348.72,35708928.0,MIRROR,152.63,15629312.0,OPEN,13.0,100.0,10.6,0.0,82.80503,+29:23:14.50,ADI,-132.785,-39.0,04:38:25.990,TRACK,0.0,ao188cmtx.oct,10.0,1.0,1.0,0.0,ON,0.0,0.01,0.0,ao188ttctrl.oct,0.001,0.0,2022-01-28T10:24:42,1,VMPA00017029,iXon Ultra 897 - VAMPIRES 1.0,300.0,67.5,HWP(NIR),45,7.49,86.04906046449777,86.01908497230363,86.03407070640809,7.434070706408093,2,128.5,128.5,0.99159439927122,0.12938526706678,-0.12938526706678,0.99159439927122,-1.7333333333333e-06,1.7333333333333e-06,deg,deg,RA---TAN,DEC--TAN,69.603879166667,29.388341666667,29.388341666667,0.0,master_dark_em300_00010ms_cam1.fits,median,127.0,124.0,1113.0,192226.3614225319,"(-0.09222846245428626, 0.0)",-0.0484878766312661,-0.1987600986058488,0.0,0.0,0,0,0.0,0.0,94.71305720083969,0.0002156901018533,0.0002196512591827,1005463.2325110902,216.61397875622927,-48752.77717527174,216.61397875622927,0.0,0.0
VDATA20220128A_00000885_calib_collapsed.fits,True,-32,2,256,256,2022-01-28,HD29333,10:24:29.560,10:24:37.491,10:24:21.628,00:24:29.566,00:24:37.498,00:24:21.634,59607.43366900001,59607.433762,59607.433576,VTMP00000885,0.01,ACQUISITION,NAOJ,Subaru,VAMPIRES,UTC,o21156,"""[Summit] Millar-Blancher, Zhang [Hilo] Guyon, Deo, Vievard, Ah""",Observation,IMAG_POL,ICRS,180.0,4:38:24.931,29:23:18.03,2000.0,NS_IR,-0.12,1.675,53.41176,292.51301,36.58824,Nasmyth-IR,OFF,IR,27.1,621.7,270.95,5.6,1.0,10000.0,750.0,0.0,100000.0,10000.0,67.5,2.0,2.0,4.0,4.0,/mnt/data/20220128/,HD29333_03_20220128_675-50_EmptySlot_0,7,300.0,152.0,165.0,675-50,EmptySlot,1.0,T,IN,184.33999,182.32497,+29:23:14,1.0,ADI,-39.0,163.025,04:38:26.0,SYNC,SCEXAO,348.72,35708928.0,MIRROR,152.63,15629312.0,OPEN,13.0,100.0,10.6,0.0,82.80503,+29:23:14.50,ADI,-132.785,-39.0,04:38:25.990,TRACK,0.0,ao188cmtx.oct,10.0,1.0,1.0,0.0,ON,0.0,0.01,0.0,ao188ttctrl.oct,0.001,0.0,2022-01-28T10:24:42,2,VMPA00017029,iXon Ultra 897 - VAMPIRES 1.0,300.0,67.5,HWP(NIR),45,7.49,86.04906046449777,86.01908497230363,86.03407070640809,7.434070706408093,2,128.5,128.5,0.99159439927122,0.12938526706678,-0.12938526706678,0.99159439927122,-1.7333333333333e-06,1.7333333333333e-06,deg,deg,RA---TAN,DEC--TAN,69.603879166667,29.388341666667,29.388341666667,0.0,master_dark_em300_00010ms_cam1.fits,median,128.0,123.0,1174.0,210582.2692137833,0,0.0,0.0,0.0,0.0,0,0,0.0,0.0,99.13209450333215,0.0,0.0,0.0,0.0,0.0,0.0,0.0,0.0
VDATA20220128A_00000886_calib_collapsed.fits,True,-32,2,256,256,2022-01-28,HD29333,10:24:29.560,10:24:37.491,10:24:21.628,00:24:29.566,00:24:37.498,00:24:21.634,59607.43366900001,59607.433762,59607.433576,VTMP00000886,0.01,ACQUISITION,NAOJ,Subaru,VAMPIRES,UTC,o21156,"""[Summit] Millar-Blancher, Zhang [Hilo] Guyon, Deo, Vievard, Ah""",Observation,IMAG_POL,ICRS,180.0,4:38:24.931,29:23:18.03,2000.0,NS_IR,-0.12,1.675,53.41176,292.51301,36.58824,Nasmyth-IR,OFF,IR,27.1,621.7,270.95,5.6,2.0,10000.0,750.0,0.0,100000.0,10000.0,67.5,2.0,2.0,4.0,4.0,/mnt/data/20220128/,HD29333_03_20220128_675-50_EmptySlot_0,7,300.0,152.0,165.0,675-50,EmptySlot,1.0,T,IN,184.33999,182.32497,+29:23:14,1.0,ADI,-39.0,163.025,04:38:26.0,SYNC,SCEXAO,348.72,35708928.0,MIRROR,152.63,15629312.0,OPEN,13.0,100.0,10.6,0.0,82.80503,+29:23:14.50,ADI,-132.785,-39.0,04:38:25.990,TRACK,0.0,ao188cmtx.oct,10.0,1.0,1.0,0.0,ON,0.0,0.01,0.0,ao188ttctrl.oct,0.001,0.0,2022-01-28T10:24:45,1,VMPA00017031,iXon Ultra 897 - VAMPIRES 2.0,300.0,67.5,HWP(NIR),45,7.49,86.04906046449777,86.01908497230363,86.03407070640809,7.434070706408093,2,128.5,128.5,0.99159439927122,0.12938526706678,-0.12938526706678,0.99159439927122,-1.7333333333333e-06,1.7333333333333e-06,deg,deg,RA---TAN,DEC--TAN,69.603879166667,29.388341666667,29.388341666667,0.0,master_dark_em300_00010ms_cam2.fits,median,129.0,122.0,1710.0,316525.7356293977,0,0.0,0.0,0.0,0.0,0,0,0.0,0.0,121.53682764472592,0.0,0.0,0.0,0.0,0.0,0.0,0.0,0.0
VDATA20220128A_00000887_calib_collapsed.fits,True,-32,2,256,256,2022-01-28,HD29333,10:24:29.560,10:24:37.491,10:24:21.628,00:24:29.566,00:24:37.498,00:24:21.634,59607.43366900001,59607.433762,59607.433576,VTMP00000887,0.01,ACQUISITION,NAOJ,Subaru,VAMPIRES,UTC,o21156,"""[Summit] Millar-Blancher, Zhang [Hilo] Guyon, Deo, Vievard, Ah""",Observation,IMAG_POL,ICRS,180.0,4:38:24.931,29:23:18.03,2000.0,NS_IR,-0.12,1.675,53.41176,292.51301,36.58824,Nasmyth-IR,OFF,IR,27.1,621.7,270.95,5.6,2.0,10000.0,750.0,0.0,100000.0,10000.0,67.5,2.0,2.0,4.0,4.0,/mnt/data/20220128/,HD29333_03_20220128_675-50_EmptySlot_0,7,300.0,152.0,165.0,675-50,EmptySlot,1.0,T,IN,184.33999,182.32497,+29:23:14,1.0,ADI,-39.0,163.025,04:38:26.0,SYNC,SCEXAO,348.72,35708928.0,MIRROR,152.63,15629312.0,OPEN,13.0,100.0,10.6,0.0,82.80503,+29:23:14.50,ADI,-132.785,-39.0,04:38:25.990,TRACK,0.0,ao188cmtx.oct,10.0,1.0,1.0,0.0,ON,0.0,0.01,0.0,ao188ttctrl.oct,0.001,0.0,2022-01-28T10:24:45,2,VMPA00017031,iXon Ultra 897 - VAMPIRES 2.0,300.0,67.5,HWP(NIR),45,7.49,86.04906046449777,86.01908497230363,86.03407070640809,7.434070706408093,2,128.5,128.5,0.99159439927122,0.12938526706678,-0.12938526706678,0.99159439927122,-1.7333333333333e-06,1.7333333333333e-06,deg,deg,RA---TAN,DEC--TAN,69.603879166667,29.388341666667,29.388341666667,0.0,master_dark_em300_00010ms_cam2.fits,median,129.0,122.0,1575.0,286128.86624537734,0,0.0,0.0,0.01238682471161735,0.04964120640699925,0,0,0.0511632954370477,37.994631203780216,115.55379679488348,0.0,0.0,0.0,0.0,0.0,0.0,0.00015103440381203706,0.0001395374086343956
